Названия строк;1;2;3;4;5;6;7;8;9;10;11;12
Инструмент;;;;;;;;;;;;
11F95FD8-532E-11E6-B059-005056A2384C;131 781;193 702;219 058;253 611;206 774;269 573;310 051;325 971;274 452;273 714;254 522;324 203
96597DFB-6816-11E5-B1B7-00505602071E;70 864;91 582;116 243;132 050;141 420;144 101;132 657;149 012;170 969;165 903;170 634;185 597
00000000-0000-0000-0000-000000676452;41 305;61 149;74 848;82 870;69 858;79 830;72 564;98 964;94 455;104 170;122 002;136 775
7E5A52EA-158E-11E5-9252-0050560205C4;37 262;45 718;56 688;65 157;58 646;64 470;76 919;84 881;75 728;77 139;85 565;87 466
00000000-0000-0000-0000-000000000000;36 301;41 508;72 629;81 066;83 110;90 222;99 912;82 794;53 273;54 593;52 882;31 699
00000000-0000-0000-0000-050335350170;40 787;48 878;60 072;70 270;79 040;64 593;63 721;63 434;66 188;39 391;42 502;36 328
45426A54-67A1-4F3A-9C46-B74F3ACC9B40;33 055;48 547;58 269;59 009;50 235;57 561;59 733;58 705;54 505;56 294;55 064;63 140
00000000-0000-0000-0000-000025017860;27 215;41 826;48 447;50 922;46 910;55 473;52 557;58 785;58 711;57 231;56 606;67 335
31C10D56-1A60-11E9-90E2-005056A27BA9;32 835;41 502;46 385;50 998;56 460;52 143;57 778;58 885;60 567;53 370;40 994;39 679
00000000-0000-0000-0000-050113945920;15 522;20 850;42 326;39 923;38 084;43 407;50 371;45 725;53 501;52 106;54 070;52 992
FAADF652-AEF3-4B2C-940C-7610941A4406;19 520;27 127;35 651;39 267;35 072;38 134;41 001;43 397;37 452;45 436;44 793;58 430
00000000-0000-0000-0000-000036249788;20 601;27 094;32 050;34 748;34 966;28 029;33 798;44 027;47 818;47 214;54 769;56 856
00000000-0000-0000-0000-051641750683;10 561;14 532;26 659;27 036;15 180;20 285;26 744;37 511;91 207;58 685;53 534;65 110
00000000-0000-0000-0000-050082459538;21 227;38 399;50 566;37 634;27 691;27 570;24 217;23 417;23 007;24 459;26 279;29 055
0ED106BF-1FAE-11E9-90E2-005056A27BA9;18 023;23 996;25 232;29 093;24 979;27 477;28 304;30 447;30 677;36 543;34 304;41 794
1D1E038F-66B4-11E5-B1B7-00505602071E;11 309;12 468;12 997;18 186;16 416;22 754;20 868;22 748;28 308;35 648;41 403;40 826
25397CD5-1B92-11E7-8B42-005056A225F3;10 301;14 077;19 528;21 945;17 568;22 251;24 256;24 369;25 648;21 219;23 584;25 744
31793C14-E298-11E4-A937-005056020188;11 886;15 377;18 500;17 696;13 449;13 746;14 552;14 310;16 503;16 465;17 506;19 277
00000000-0000-0000-0000-000031633425;2 945;6 445;10 444;12 320;7 984;8 576;13 427;15 359;19 069;19 137;21 777;20 032
2B8B9DC3-211E-11E8-9C6C-005056A225F3;10 227;13 764;15 635;15 219;12 360;14 912;13 738;14 604;12 770;11 103;11 226;11 100
00000000-0000-0000-0000-050045798313;9 369;12 470;14 361;13 771;11 063;10 371;8 568;9 419;13 018;13 172;13 836;17 159
2A00B92C-CC0B-11E5-A152-00505602071E;6 318;8 568;10 918;10 565;9 820;9 937;11 821;11 308;9 179;9 799;9 874;11 776
30AEAA9A-4396-11E6-B059-005056A2384C;3 937;6 742;8 624;15 350;7 663;9 161;11 977;14 079;11 748;7 117;8 282;14 292
00000000-0000-0000-0000-051700911397;7 574;9 431;9 732;10 323;9 385;11 573;11 838;11 074;9 474;7 559;6 513;6 787
BB23417C-14AD-11E9-90E2-005056A27BA9;4 677;6 707;8 644;9 066;7 868;8 326;9 185;10 303;9 359;10 008;9 900;10 415
FB9DBFAC-004B-11E5-BADB-0050560205C4;6 318;7 643;10 548;11 833;7 776;9 297;7 806;8 029;7 601;8 553;8 468;9 175
D813892B-D455-11E3-A316-005056020025;6 891;7 261;8 786;8 186;5 877;7 521;7 931;9 600;8 496;8 397;7 245;8 810
00000000-0000-0000-0000-000025535643;5 238;8 761;10 014;10 506;10 343;10 052;9 151;8 203;7 732;6 356;4 523;3 761
00000000-0000-0000-0000-000189235463;3 393;5 708;6 700;6 903;8 264;8 024;6 742;7 911;9 040;10 571;9 901;10 267
A8B34B80-BD6C-11E7-BC22-005056A225F3;6 039;6 885;7 917;7 945;7 255;7 411;7 010;6 964;6 913;7 052;7 843;8 334
846E05A0-36DE-11E6-B059-005056A2384C;4 373;6 693;7 337;7 304;6 645;6 426;5 912;6 229;7 515;8 308;9 461;10 615
F8EB29DF-1C0A-11E6-9D6C-005056A2384C;2 843;4 333;5 689;6 614;6 628;7 186;7 812;9 040;9 238;8 713;9 905;8 273
ADDBED1B-9813-4EF5-8FDA-847B4EF3F515;2 837;5 422;5 762;5 582;6 109;8 186;6 624;9 451;9 124;9 195;9 463;8 198
788EC365-0FCD-462E-9B09-035E65BA9CCA;8 093;12 878;7 373;2 700;7 166;11 446;7 155;4 884;3 310;2 657;2 927;9 554
4B0DCC2D-679A-11E7-93EC-005056A225F3;3 971;4 816;5 574;5 404;5 234;6 979;7 833;9 721;7 364;5 698;5 512;6 761
00000000-0000-0000-0000-050144018314;4 146;5 772;7 939;7 091;5 934;6 666;6 641;6 917;6 730;6 235;4 802;4 459
6FB80DC6-0BC8-4F06-86DF-D69493A4B880;4 970;5 562;5 649;6 549;5 643;6 144;5 815;6 040;6 069;5 376;6 424;8 003
5E6E6AF1-D88C-11E6-8C73-005056A2384C;3 400;5 181;6 897;5 274;6 484;6 107;4 069;3 605;4 502;6 589;5 624;8 599
684C99A2-0821-11E8-A79F-005056A225F3;2 298;5 924;7 161;6 877;5 478;6 234;5 791;5 617;5 446;5 672;5 418;3 797
0F6A3874-2C39-11E8-9C6C-005056A225F3;2 506;3 209;3 963;4 130;3 938;4 360;5 057;6 911;6 475;6 433;5 903;11 554
EA5D6E2B-06BF-11E6-BD7A-005056A2384C;2 792;3 091;5 568;4 470;4 456;4 215;5 438;6 718;5 843;6 967;6 536;5 996
6C807648-F5C4-4299-924B-0549814AAFAC;2 622;4 585;4 978;4 510;3 980;4 303;5 476;5 072;5 007;4 553;5 293;5 548
38E7278E-3C87-11E8-9C6C-005056A225F3;2 891;3 237;3 186;3 941;3 520;3 987;4 192;4 341;5 138;5 679;7 973;7 654
F21F69EE-E9BE-11E5-A028-00505602071E;1 763;2 877;3 814;3 929;3 969;3 764;3 728;5 456;6 705;6 993;6 317;5 561
00000000-0000-0000-0000-050576355004;2 697;3 785;3 916;4 542;4 181;4 447;4 048;4 914;4 329;4 397;5 131;6 755
68A45360-2413-11E7-8B42-005056A225F3;42;95;114;75;1 522;3 021;3 467;14 219;8 031;8 229;7 821;6 240
7FF5CCDF-DBD5-11E6-8C73-005056A2384C;3 647;2 995;3 446;2 926;3 179;3 937;4 226;4 346;3 785;4 642;5 369;6 422
1FE40B65-73BD-4E56-AACA-E8679574CA3F;506;433;448;1 690;940;2 037;5 306;8 578;7 923;7 119;6 423;7 378
9A23B52A-207F-11E9-90E2-005056A27BA9;1 739;2 691;3 515;2 994;3 306;4 480;4 190;5 368;5 112;4 837;4 368;4 978
F910A5BE-BD6B-11E8-8635-005056A225F3;638;1 098;1 442;1 634;2 218;4 425;6 005;6 623;7 452;5 492;5 121;4 948
Ручной инструмент;;;;;;;;;;;;
96597DFB-6816-11E5-B1B7-00505602071E;61 998;92 912;118 681;118 372;102 094;126 660;122 016;122 116;130 518;128 624;135 438;159 537
45426A54-67A1-4F3A-9C46-B74F3ACC9B40;60 648;88 761;121 192;124 539;105 589;120 019;119 513;120 901;132 609;119 741;108 399;126 145
31793C14-E298-11E4-A937-005056020188;42 663;56 181;72 989;73 328;64 092;61 177;59 069;64 397;63 411;59 129;60 231;65 059
25397CD5-1B92-11E7-8B42-005056A225F3;15 339;23 436;33 952;37 513;34 587;36 658;36 518;43 383;41 700;35 124;38 779;37 304
06EA18FC-DCE3-11E8-9731-005056A27BA9;24 659;30 343;28 253;30 525;27 265;29 854;37 846;35 600;38 078;36 838;37 447;36 565
00000000-0000-0000-0000-000025535643;14 547;23 865;30 825;29 475;25 646;29 634;31 638;33 554;35 423;29 565;26 748;29 166
2B8B9DC3-211E-11E8-9C6C-005056A225F3;11 896;15 585;21 510;25 983;22 522;32 084;32 712;37 646;36 800;31 067;29 284;29 864
F927ABAC-BD6B-11E8-8635-005056A225F3;13 100;20 303;20 422;21 290;18 930;19 042;18 377;22 418;23 166;16 016;28 833;33 039
2A00B92C-CC0B-11E5-A152-00505602071E;10 022;15 659;17 647;18 619;14 701;16 059;17 357;19 439;22 874;21 377;21 045;22 434
64EC49C7-A534-4497-ABE3-6EA93C08BFF1;11 226;14 562;17 566;16 900;11 911;15 210;16 014;17 782;18 754;16 558;18 883;21 850
C5794FAF-9747-11E5-8E25-00505602071E;10 215;14 346;17 004;17 363;13 837;14 325;16 971;17 343;17 609;18 252;18 728;20 871
7E5A52EA-158E-11E5-9252-0050560205C4;7 600;10 902;14 190;14 788;12 726;15 597;16 910;18 155;21 051;18 426;18 547;20 711
00000000-0000-0000-0000-050082459538;5 738;13 042;17 878;18 152;16 230;15 902;14 014;14 590;14 840;14 690;13 183;14 963
1D1E038F-66B4-11E5-B1B7-00505602071E;5 588;8 032;8 407;11 885;11 212;13 229;13 224;13 496;19 198;18 582;19 503;19 857
846E05A0-36DE-11E6-B059-005056A2384C;7 153;9 366;11 424;11 759;9 497;9 676;9 000;8 927;9 239;11 486;13 536;15 228
0364971E-ECB2-11E4-9B0E-0050560205C4;4 130;9 296;9 775;12 723;10 218;9 524;8 619;11 458;10 292;8 278;8 579;8 245
0ED106BF-1FAE-11E9-90E2-005056A27BA9;6 079;10 740;8 594;8 165;8 088;8 473;8 298;7 598;8 058;10 103;9 982;11 450
9A23B52A-207F-11E9-90E2-005056A27BA9;3 286;4 598;6 429;6 092;7 234;12 077;13 332;16 374;9 595;7 865;7 795;8 810
00000000-0000-0000-0000-051077987202;4 582;6 506;8 535;7 641;6 444;6 426;8 212;8 513;8 258;11 440;10 647;13 248
158CE55E-4D63-46C3-83FC-D0D78A9D28C0;5 998;7 923;9 899;9 842;7 901;8 373;9 900;9 274;8 405;7 615;7 353;7 453
00000000-0000-0000-0000-050984831839;3 556;4 791;7 679;6 046;5 638;7 613;7 121;11 245;9 735;11 026;10 760;11 707
2D309556-07D3-4C2D-8551-5F7973476DD9;4 065;6 553;8 811;9 304;6 245;6 533;7 328;6 417;7 286;8 960;10 474;13 598
81621037-4875-496A-992F-283C6CA6535F;3 232;3 865;5 918;9 182;7 767;7 395;7 339;9 423;9 420;10 133;8 529;8 029
00000000-0000-0000-0000-050576355004;710;2 493;3 220;3 088;4 547;5 338;6 542;8 695;8 717;9 626;14 369;16 710
4BE2138A-31DA-11E4-9F3E-005056020188;3 135;5 471;6 166;7 013;7 496;5 632;5 118;5 952;5 291;5 142;5 109;12 429
6FB80DC6-0BC8-4F06-86DF-D69493A4B880;4 709;6 498;7 592;7 531;6 138;5 889;4 928;5 329;5 580;4 645;5 167;7 224
68A45360-2413-11E7-8B42-005056A225F3;623;961;719;755;2 147;2 499;3 827;12 457;9 863;11 200;11 972;11 756
00000000-0000-0000-0000-050144018314;4 007;5 828;7 646;6 396;4 658;4 887;5 440;6 640;6 710;6 284;4 749;4 226
30AEAA9A-4396-11E6-B059-005056A2384C;3 802;5 322;6 201;6 334;4 607;5 037;5 818;6 115;5 677;6 209;5 497;6 445
4F65B5D0-6B93-11E7-93EC-005056A225F3;4 900;7 246;6 692;6 375;3 981;4 219;5 545;5 415;3 938;3 969;3 766;5 505
2C48B5F2-138F-11E6-93E5-005056A2384C;2 708;4 153;5 618;5 660;4 992;4 955;5 287;5 468;5 364;5 143;5 215;6 170
F8EB29DF-1C0A-11E6-9D6C-005056A2384C;2 485;4 006;4 532;4 547;4 303;4 325;4 739;4 984;5 592;5 657;5 865;8 482
00000000-0000-0000-0000-000000000000;4 485;4 917;5 324;6 407;4 934;5 647;4 782;7 140;4 501;3 693;3 358;3 234
1390AE02-F6D0-4CD8-B00D-C4F04AA11999;2 399;3 012;2 843;2 649;2 641;5 019;5 560;5 580;6 859;6 087;7 687;6 277
392DF915-CF01-492C-B6E5-58CF957D5178;2 090;3 298;5 374;5 460;3 878;2 959;5 697;5 587;3 865;4 236;6 485;7 178
00000000-0000-0000-0000-050742978978;2 509;3 615;4 355;4 689;4 347;4 872;4 388;5 232;4 531;4 217;4 315;4 864
7FF5CCDF-DBD5-11E6-8C73-005056A2384C;2 081;2 769;3 786;3 369;3 264;3 800;4 846;5 094;4 714;5 179;5 732;6 562
00000000-0000-0000-0000-050045798313;3 271;3 707;4 768;4 124;2 997;3 213;3 379;3 605;4 998;5 181;5 461;6 297
EA5D6E2B-06BF-11E6-BD7A-005056A2384C;2 632;3 302;3 821;4 181;3 376;3 999;3 862;4 266;4 618;4 979;5 125;6 634
EF3E7C2D-F92C-11E8-A073-005056A27BA9;3 518;4 045;4 416;4 532;3 588;3 900;3 425;4 435;3 589;3 264;3 855;4 539
AC52DD7C-19D7-47AD-B3BE-A9CCE5A7D568;143;228;698;562;1 052;3 003;5 259;6 122;6 493;7 311;7 167;7 638
0C9A54BC-A431-11E7-9B6C-005056A225F3;972;1 605;1 973;1 657;2 291;2 572;3 597;4 290;6 375;5 689;6 604;7 386
00000000-0000-0000-0000-050810068924;1 637;2 717;3 426;3 329;2 978;3 692;5 209;5 404;3 405;3 253;3 006;5 111
954E42CE-C930-11E7-BC22-005056A225F3;2 361;3 886;4 147;3 573;2 525;3 272;2 811;4 424;4 307;3 184;3 618;4 471
00000000-0000-0000-0000-000000676452;2 347;2 675;3 647;3 077;2 671;2 695;2 923;3 183;4 506;3 895;4 302;5 210
50AB6771-15C5-417B-9F28-E9B308098DBB;281;1 031;2 152;2 407;2 602;3 826;3 299;6 180;6 290;4 885;4 405;2 997
FBD9E07C-3413-11E9-99D9-C69417C43C93;1 460;4 059;4 842;4 773;4 247;3 922;3 697;3 240;2 265;1 935;1 848;1 535
B548F6A4-B3F6-4E85-80EC-3F54A39BEC65;2 039;2 653;3 525;3 074;3 024;3 797;3 632;3 368;3 245;2 887;3 349;2 968
F7FBDC80-57F6-49E0-BB9C-B520A2CEDD39;1 482;2 017;2 453;4 712;3 274;3 712;3 709;3 498;4 265;3 487;3 028;1 680
00000000-0000-0000-0000-050335350170;2 377;2 148;3 612;2 652;3 445;3 854;3 358;2 213;3 676;2 607;2 594;2 685
Крепеж;;;;;;;;;;;;
64F6AB2D-72DB-4339-8D1D-BFE759AF8571;50 410;70 479;78 627;89 781;92 503;122 285;122 349;116 607;118 048;117 427;130 312;138 794
96597DFB-6816-11E5-B1B7-00505602071E;34 900;51 801;59 826;74 979;63 427;64 343;64 405;68 260;76 083;65 939;67 804;72 403
45426A54-67A1-4F3A-9C46-B74F3ACC9B40;22 461;38 262;46 065;42 515;32 859;36 775;31 736;28 954;28 696;29 411;28 247;30 529
00000000-0000-0000-0000-000000000000;13 283;12 719;19 699;22 408;26 198;33 620;45 155;35 253;52 534;71 325;39 198;16 633
ADA9E152-FFF3-11E5-A2CC-005056A2384C;14 235;18 064;18 476;18 961;23 425;31 630;33 433;38 356;35 628;36 798;54 726;58 839
81ABCFE2-F929-4943-A866-87A35A91C5CC;21 040;17 924;20 634;24 809;22 657;28 711;33 557;38 740;41 323;40 614;38 259;36 931
819CF3C9-1EDC-11E9-90E2-005056A27BA9;9 755;15 676;19 654;19 435;17 809;21 526;21 336;22 584;26 432;27 046;30 860;32 896
64EC49C7-A534-4497-ABE3-6EA93C08BFF1;8 554;15 682;18 938;18 642;13 349;22 464;22 127;23 380;25 653;22 554;19 241;18 679
25C6F113-C020-11E5-8E25-00505602071E;9 518;10 367;17 569;17 531;15 598;15 336;14 794;16 425;23 354;18 111;20 902;27 871
31793C14-E298-11E4-A937-005056020188;11 073;13 557;19 422;20 256;16 437;18 578;19 712;18 572;18 165;18 794;15 200;15 409
258F28CD-DDB4-11E8-9731-005056A27BA9;11 185;11 725;12 945;14 946;15 578;17 914;15 459;17 003;19 730;18 084;22 645;24 278
4FD59363-AA9D-11E7-9B6C-005056A225F3;8 648;9 988;14 904;14 798;10 741;13 220;17 440;20 249;20 700;18 040;17 450;23 938
00000000-0000-0000-0000-050382697589;5 972;10 693;12 505;15 105;14 368;20 635;23 130;20 642;17 040;14 964;15 470;19 416
12E8F03B-8BFF-11E8-A7D5-005056A225F3;7 003;11 396;12 738;10 561;13 129;18 614;18 353;14 385;12 859;12 508;13 980;16 717
00000000-0000-0000-0000-050984831839;6 678;9 262;13 246;13 716;11 273;14 358;16 729;15 330;15 848;14 124;16 047;15 003
EEAC0E15-8C6F-11E5-A564-00505602071E;3 382;4 086;7 211;9 444;8 424;9 122;10 459;13 482;15 157;21 518;23 796;29 725
F8EB29DF-1C0A-11E6-9D6C-005056A2384C;5 131;9 680;8 802;9 344;9 096;16 135;19 471;13 688;11 604;11 451;12 638;11 813
25397CD5-1B92-11E7-8B42-005056A225F3;3 130;6 472;9 643;9 752;8 896;14 024;13 530;11 200;11 750;11 519;10 569;12 259
7366D5B2-0773-11E9-84EC-005056A27BA9;4 528;4 106;6 083;8 502;8 070;12 817;11 197;12 765;13 774;10 940;10 953;10 268
FF59262F-B8B9-4AB0-9B20-4F0982621F9B;3 629;3 136;5 457;7 983;7 031;8 164;10 562;14 114;12 262;10 172;10 215;7 784
00000000-0000-0000-0000-050432889099;2 407;3 484;7 631;7 537;9 362;8 747;11 074;9 442;8 010;8 088;10 764;9 998
551E67A3-36B2-44E6-A3F9-93C356F35A59;4 875;5 596;7 264;7 203;6 849;7 306;6 795;6 740;9 424;10 521;9 040;11 461
00000000-0000-0000-0000-051700911397;4 357;6 482;7 083;6 414;7 058;7 480;8 421;8 644;10 062;7 201;7 961;8 659
00000000-0000-0000-0000-000308754028;1 369;1 748;2 595;5 141;6 251;7 338;9 036;7 943;7 778;11 293;12 176;13 193
00000000-0000-0000-0000-051619559261;2 471;5 102;6 205;7 918;8 830;9 880;5 370;6 785;3 193;4 882;8 412;15 284
87CFF456-53CA-11E6-B059-005056A2384C;1 600;3 026;3 542;3 954;4 849;10 070;8 715;8 062;11 127;8 564;9 237;11 289
1AF24F91-CFC7-11E5-A152-00505602071E;4 144;4 675;6 120;5 665;4 846;6 128;5 687;8 144;9 133;9 161;11 334;8 431
81621037-4875-496A-992F-283C6CA6535F;2 066;2 264;4 120;4 770;4 881;6 515;8 132;6 927;9 703;12 176;9 394;10 887
3888C5D8-46FA-11E9-99D9-C69417C43C93;1 166;1 287;2 211;3 428;3 269;5 516;9 764;6 710;7 921;10 393;11 868;13 807
C9D688E7-BF57-4F3E-B9E4-241C38461160;2 831;5 321;8 664;8 257;9 835;6 461;4 099;5 790;5 337;6 830;7 843;4 557
13B716B1-789E-11E5-B1B7-00505602071E;3 134;4 614;5 932;8 863;7 123;6 264;6 152;4 849;7 287;4 633;6 521;6 662
02617F6D-4A2A-11E9-99D9-C69417C43C93;6 185;3 994;5 874;5 645;6 230;8 345;5 078;9 859;4 857;4 298;3 060;8 170
30C79DED-C957-4FC5-91B8-4F0F0E57DB0F;5 397;6 341;7 617;5 825;5 421;5 526;7 263;6 678;5 399;4 768;4 660;4 925
1D1E038F-66B4-11E5-B1B7-00505602071E;2 068;1 362;1 962;1 968;3 962;5 825;4 917;7 477;7 855;9 140;8 828;9 443
14899D0F-FBA9-4647-862C-6FF05E46C6B7;2 049;4 465;4 442;3 472;4 234;4 578;7 220;14 912;5 521;3 977;4 144;3 403
97F37185-7905-457F-A2F9-3ED14776049A;3 439;3 586;2 593;3 841;3 272;4 848;5 833;5 789;6 055;6 681;6 885;9 183
00000000-0000-0000-0000-051373760501;2 484;4 404;3 058;4 757;1 916;4 568;4 294;5 531;4 325;6 862;8 277;7 502
D35227A4-72CA-11E8-A7D5-005056A225F3;2 220;3 461;3 752;4 028;4 610;4 282;5 092;5 526;5 949;5 874;5 730;5 602
6C3F669D-A63F-4005-9C32-DFD680852E24;74;19;5;252;60;5 618;7 851;8 727;4 837;8 746;3 817;11 283
7CF7C27F-2708-43F7-BDCE-3FABB704640C;1 213;2 247;1 733;2 682;3 742;4 657;4 607;7 204;5 992;4 914;5 921;5 468
E4DBF615-14B5-4B64-84DD-66041739A816;608;1 992;5 615;5 877;4 640;5 136;4 443;4 096;3 381;3 871;3 707;4 452
6E31BD96-A121-11E8-86AD-005056A225F3;1 188;1 277;2 133;3 099;3 196;3 171;4 675;4 336;4 797;5 356;7 569;6 423
9030AFB5-ED39-11E6-898D-005056A2384C;1 171;2 259;2 558;2 574;2 427;4 589;4 316;5 532;3 801;5 368;4 640;6 522
30E30715-1846-4592-9633-34FE3A293D82;2 511;3 062;3 489;2 955;2 275;2 811;3 900;5 494;4 340;5 998;3 421;4 683
7A5E4EA0-9708-11E8-A7D5-005056A225F3;1 771;2 142;3 052;2 475;2 334;3 473;4 017;4 366;3 596;4 109;3 809;4 807
6E0D8A67-4C21-11E7-93EC-005056A225F3;1 592;2 055;3 586;3 277;3 267;3 936;2 840;3 189;3 426;3 427;3 532;4 893
D34AA084-5B0F-4C0C-BBE2-5C91C4C309AD;1 023;2 118;2 677;2 897;3 548;3 686;2 115;2 580;3 469;4 034;4 664;6 123
4C636C33-E657-11E7-9EA6-005056A225F3;1 032;1 186;3 600;1 723;1 463;2 657;5 176;3 783;3 310;3 112;4 358;4 720
0ED106BF-1FAE-11E9-90E2-005056A27BA9;1 787;2 097;2 719;3 853;3 318;1 859;2 219;3 306;4 571;3 797;3 377;2 587
D2BD0CD0-BBCB-4549-B935-8EFA8E66C833;1 167;2 345;2 904;2 426;2 315;2 661;2 105;2 074;4 208;2 237;5 531;4 494
Электрика и свет;;;;;;;;;;;;
00000000-0000-0000-0000-050984831839;24 001;29 710;33 634;35 575;31 708;39 405;36 684;38 706;43 608;50 144;52 323;56 500
15D258C6-5564-11E5-A8FB-00505602071E;19 637;21 103;25 829;25 130;25 440;30 645;31 076;34 585;33 930;31 250;36 628;41 051
D2BD0CD0-BBCB-4549-B935-8EFA8E66C833;12 340;14 978;20 062;23 655;20 506;21 714;23 189;26 996;36 039;39 452;46 315;53 769
00000000-0000-0000-0000-051619559261;9 871;12 514;17 226;19 553;16 327;18 471;22 282;25 985;23 642;37 030;56 884;62 661
64EC49C7-A534-4497-ABE3-6EA93C08BFF1;10 986;15 837;19 649;21 337;19 382;22 856;25 811;28 084;30 317;33 595;35 881;43 327
00000000-0000-0000-0000-000000000000;13 281;16 419;17 680;20 237;19 907;26 639;25 743;26 633;36 725;36 645;30 904;12 216
1566670A-493D-11E9-99D9-C69417C43C93;15 874;18 211;20 353;19 594;13 024;12 163;14 864;18 957;28 924;27 499;27 239;37 864
A8EDDE38-3B92-420D-AA2B-4B9AA3759008;15 549;17 925;21 511;19 900;13 541;15 478;13 247;18 491;20 839;25 046;31 189;33 527
00000000-0000-0000-0000-050252709207;17 275;19 133;22 734;19 496;15 387;18 767;18 230;22 593;22 766;20 178;21 708;27 403
0C5F1011-747F-4774-94DD-2C97D5A56A66;11 470;15 250;16 827;14 091;11 802;15 703;17 775;19 906;23 968;23 073;23 126;28 612
B8B3F572-E34F-11E8-9731-005056A27BA9;4 745;6 150;9 035;11 105;8 651;13 521;16 097;17 936;18 290;17 218;28 145;36 641
44222C5C-3171-11E7-8B42-005056A225F3;6 468;10 696;11 916;11 365;9 711;11 527;12 697;12 829;15 383;16 502;18 201;20 091
AABD8086-AD4C-11E5-8E25-00505602071E;7 597;6 825;6 967;8 733;8 127;9 030;8 296;10 890;12 429;16 529;20 690;25 890
FEDABBFD-2909-4AFA-9E14-1DA533580BDE;98;270;427;479;557;540;504;514;129 774;6 285;788;1 047
AC4BD855-2AE0-11E9-99D9-C69417C43C93;9 326;5 250;7 508;10 306;10 173;9 404;9 766;12 598;11 043;12 621;16 682;17 372
8ABEB8CD-EA2C-11E7-9EA6-005056A225F3;4 711;10 994;12 919;9 784;10 810;5 997;6 062;10 469;10 587;13 311;10 229;13 849
0E09E6E2-6252-11E7-93EC-005056A225F3;6 987;9 988;11 411;11 579;8 123;8 554;8 147;10 010;10 693;11 219;9 910;12 427
120F9A2D-103E-4906-8B2C-D2CF738231B2;3 396;4 054;4 570;7 921;8 019;9 981;8 922;11 025;10 997;12 491;16 598;20 914
C8D737A6-1DD3-11E6-9D6C-005056A2384C;4 993;5 892;6 804;7 563;6 393;8 457;8 463;11 269;13 462;13 137;17 330;14 336
478ABB8D-995D-4D54-92D8-7BAE70D4C8A8;1 073;1 505;3 434;6 074;5 522;12 138;21 692;18 120;12 373;12 929;9 002;9 524
D9ECD348-7B3E-11E7-B91E-005056A225F3;5 563;7 777;6 600;7 368;6 592;8 283;8 916;10 145;13 572;11 135;12 358;12 419
57C67C21-F483-11E8-9731-005056A27BA9;2 298;2 226;3 916;6 244;5 640;7 075;9 051;12 799;17 554;12 242;13 268;15 535
96597DFB-6816-11E5-B1B7-00505602071E;4 529;4 799;6 489;6 692;6 103;6 964;6 003;8 438;10 546;13 970;16 331;14 132
9DE54775-D474-11E4-A937-005056020188;4 730;6 532;6 960;7 820;5 963;7 410;6 693;8 759;8 883;9 333;9 794;13 415
806A3284-2699-49E9-9DD2-C555B7DDF3E7;6 809;8 427;8 936;8 323;6 161;6 637;5 906;6 794;6 116;7 189;8 382;11 733
80D0E00C-60CF-4FC5-8B11-A269BDBAE1A6;1 369;2 729;4 316;4 570;3 374;4 123;6 311;5 494;6 641;11 078;11 611;16 521
1D1E038F-66B4-11E5-B1B7-00505602071E;1 794;1 887;1 712;1 572;1 610;1 574;1 830;1 914;6 078;11 943;17 377;19 986
E2E4F35F-B957-4659-B8DD-EE7BC06C0E7C;5 024;5 736;6 983;6 995;4 781;5 161;4 709;5 076;5 466;5 111;5 111;5 179
11C148BB-77E7-11E5-B1B7-00505602071E;2 045;2 713;3 942;4 802;4 000;4 618;5 125;5 772;5 979;7 949;8 161;8 763
0F7349C0-05FA-4AAB-A4A6-97BD28BD2569;3 251;3 876;3 258;4 506;2 811;2 924;3 966;6 859;5 497;6 919;8 829;10 233
8626899A-26A4-4A7E-BA82-05F172556D4D;3 294;3 485;3 993;5 517;5 273;5 770;6 011;5 853;5 637;5 248;5 635;4 810
A5176F3F-CC8B-11E8-8635-005056A225F3;2 672;3 196;4 134;3 825;3 809;4 821;4 836;4 395;5 158;7 813;6 486;9 036
6A9D4435-80F5-489D-B4BB-A215337B4C15;3 594;2 941;4 565;3 841;3 480;5 359;3 943;5 884;4 790;5 330;7 439;7 661
213D9059-3BD6-4C34-8794-E798E051093A;956;1 544;3 334;2 962;3 928;4 870;5 454;5 468;6 716;6 051;6 901;7 224
96CF5EFE-25C8-11E8-9C6C-005056A225F3;1 525;1 893;2 711;2 985;3 136;3 623;4 442;5 712;6 065;5 732;8 909;8 481
90079625-11E2-4835-9786-252B1768CD6D;1 063;1 723;2 374;2 614;2 809;3 670;4 543;6 171;6 309;5 179;6 905;7 822
00000000-0000-0000-0000-050443652238;2 093;2 673;3 919;3 700;3 588;3 533;3 468;3 527;3 346;5 521;7 202;5 333
4A229924-0BFA-11E4-A274-005056020134;2 440;3 118;3 280;4 589;2 697;2 822;2 498;2 182;5 059;4 394;5 452;7 051
3D385127-88D1-462D-A5F3-FEB776DAC4EB;2 858;3 484;3 921;3 863;2 747;3 159;3 290;3 586;3 871;4 181;4 341;6 275
EA678059-4D63-48D5-9691-33A4F62E30E1;661;1 408;1 542;2 590;2 742;2 728;4 609;4 913;4 454;4 661;6 130;8 204
DB0E4891-3C64-11E7-BBB2-005056A225F3;2 408;2 764;2 869;2 142;2 493;3 037;3 890;5 241;4 741;4 163;3 734;4 961
F637F51F-5ABA-11E5-A8FB-00505602071E;1 879;3 068;5 095;3 858;3 102;4 285;2 280;1 501;2 572;2 806;2 835;5 695
8AD6852E-CE15-4E21-BD75-D81A2D3CC467;2 897;3 364;3 101;2 966;3 648;1 986;1 463;5 559;4 762;1 643;2 059;2 415
8178A65F-4471-4F43-BD10-C0FF6AFA46A3;1 199;2 075;1 389;2 231;1 835;1 984;2 107;2 984;4 064;3 881;5 061;5 073
230F0108-0893-11E7-9846-005056A2384C;1 318;1 237;1 937;2 987;1 920;2 008;2 227;3 175;3 510;3 067;3 762;5 660
00000000-0000-0000-0000-050576732979;994;1 520;2 042;1 808;1 601;2 414;2 550;3 523;3 042;2 335;2 852;4 715
AB3E1D66-EE19-11E8-9731-005056A27BA9;1 018;1 651;1 502;1 592;2 291;2 929;2 853;2 784;3 716;2 956;2 603;2 481
8EBC9512-91FC-471E-9808-B5350A8D2A5A;964;2 652;2 271;1 949;1 551;2 120;2 052;2 924;2 959;2 950;3 112;1 801
290AEA5B-0C1E-48D6-8F32-E76A4C9A6FEF;525;900;1 181;1 971;2 445;2 895;3 155;2 109;2 301;2 672;2 578;2 996
6A86153E-4B69-4D4A-9F01-61F6AE135012;841;1 522;1 748;1 446;1 396;1 673;2 031;2 047;2 196;2 659;2 829;3 727
Спецодежда и СИЗ;;;;;;;;;;;;
8D120688-A78A-11E8-86AD-005056A225F3;85 852;98 369;111 285;153 018;127 482;86 627;161 702;188 918;175 612;143 786;165 411;167 528
45426A54-67A1-4F3A-9C46-B74F3ACC9B40;42 916;67 551;97 938;128 361;72 549;81 648;68 800;66 214;70 616;46 850;44 237;55 374
00000000-0000-0000-0000-051395443347;16 209;22 473;30 238;33 119;29 462;38 197;40 363;34 711;33 260;32 455;33 874;28 626
96597DFB-6816-11E5-B1B7-00505602071E;10 165;14 914;24 501;30 526;35 791;32 909;26 638;23 181;29 575;30 949;36 262;47 241
00000000-0000-0000-0000-050719563814;9 357;11 926;12 657;11 856;11 982;20 664;29 647;33 034;35 481;37 300;34 072;20 888
00000000-0000-0000-0000-050576355004;8 337;13 009;13 849;14 281;12 474;29 372;32 443;29 568;15 850;13 566;18 264;21 450
00000000-0000-0000-0000-000000000000;11 193;11 764;12 651;11 809;13 066;19 114;22 713;12 261;9 042;9 369;14 368;7 641
C4B049F4-1A72-4AD9-8FD8-1E8B8D04E3F1;4 814;7 731;10 035;11 278;8 274;9 570;21 330;12 733;18 704;9 792;10 618;11 180
0FCE2D67-4AC6-11E7-93EC-005056A225F3;2 192;3 651;5 468;5 825;5 775;8 125;7 245;8 362;9 606;10 045;13 407;13 994
46D28BD3-AE62-4335-8BA6-64C8F79377ED;4 922;9 455;5 632;4 437;8 493;7 736;5 708;5 090;7 936;11 553;9 573;11 741
D0772A46-F647-11E5-BC8E-00505602071E;7 733;9 636;7 435;4 766;3 497;3 694;3 901;3 936;7 411;6 956;9 359;22 106
00000000-0000-0000-0000-000156706786;71;68;87;1 577;3 012;5 368;9 813;10 451;14 162;14 621;12 967;14 062
345E1E1B-05B6-4C1D-817F-34D8E225E333;4 383;4 534;2 355;3 043;3 306;5 725;3 531;5 150;5 485;6 362;4 799;4 904
9346D3B8-4A0D-4A45-8CF5-61E14635CDF1;5 849;8 592;6 526;4 615;3 861;3 800;4 049;2 056;2 760;4 054;3 529;2 749
00000000-0000-0000-0000-050082459538;1 574;2 748;4 147;2 875;4 857;9 680;4 291;4 840;3 855;2 566;2 520;2 270
E66734DD-DCE6-4F2A-A33E-6B4FB739D061;1 232;3 200;3 853;4 088;2 785;4 298;4 466;3 943;4 050;4 412;4 336;4 051
25397CD5-1B92-11E7-8B42-005056A225F3;5 740;4 421;5 717;3 031;1 431;1 790;1 715;1 608;3 176;4 045;6 922;4 621
A1F8762D-CB2E-11E5-A152-00505602071E;2 008;2 441;3 326;4 231;3 592;4 205;3 522;3 732;3 867;4 030;3 839;4 076
B5F6F317-CE8A-11E7-861D-005056A225F3;801;4 860;672;1 014;912;2 548;5 283;6 916;5 205;3 968;3 718;2 765
38B6AF68-B4D0-11E7-9B6C-005056A225F3;811;939;1 881;2 745;3 717;3 375;2 755;2 760;2 975;3 736;4 788;5 658
7A5E4EA0-9708-11E8-A7D5-005056A225F3;1 367;1 809;2 991;3 191;2 471;3 068;2 897;3 038;3 089;3 273;3 250;2 890
52C0DBE8-8049-11E8-A7D5-005056A225F3;458;1 280;975;1 457;1 790;2 121;2 106;2 838;3 269;3 725;4 571;6 880
9030AFB5-ED39-11E6-898D-005056A2384C;932;1 160;1 483;2 395;2 249;2 979;3 793;3 786;2 785;2 685;2 956;4 110
00000000-0000-0000-0000-050810068924;644;589;1 255;1 872;1 800;2 473;2 641;2 748;3 182;3 069;4 082;4 870
52E9AB37-A2CF-43D6-913D-2179A9CCACA2;;;;;;;;66;3 287;10 421;7 250;7 079
4FD59363-AA9D-11E7-9B6C-005056A225F3;1 401;1 786;2 397;2 511;3 179;2 922;2 606;2 019;2 455;1 682;2 329;2 509
BACD5FD9-C63E-4A53-A8AE-A38079FF03F7;744;1 199;1 666;2 448;1 557;1 813;1 177;1 619;3 911;1 840;2 418;2 935
7B72882C-5936-43EC-957A-658F0B1C4256;;;;11;587;1 591;2 854;3 331;3 308;2 730;4 622;3 985
31793C14-E298-11E4-A937-005056020188;1 447;1 697;2 327;2 023;1 757;1 803;1 662;1 511;1 688;1 517;2 752;2 191
0945F526-0AFE-11E7-9846-005056A2384C;44;281;461;914;1 292;2 250;2 582;3 425;2 589;3 209;2 841;2 440
87CFF456-53CA-11E6-B059-005056A2384C;376;674;1 017;1 651;1 273;1 520;1 136;1 643;1 688;3 132;3 066;4 473
9999E8E2-CD21-11E8-8635-005056A225F3;611;844;702;61;23;72;59;826;289;139;5 644;5 251
8D61FFA6-332E-11E4-9F3E-005056020188;1 072;2 000;1 644;830;826;626;824;748;1 215;994;1 854;1 074
19F3FF1C-D118-11E8-B6AE-005056A225F3;1 324;1 706;2 822;2 027;1 722;947;304;261;177;111;78;340
00000000-0000-0000-0000-050429874055;452;1 086;1 068;1 318;835;894;1 534;1 240;1 072;743;659;742
478ABB8D-995D-4D54-92D8-7BAE70D4C8A8;318;747;946;640;751;628;1 113;1 373;1 086;812;1 068;1 745
1D1E038F-66B4-11E5-B1B7-00505602071E;117;116;483;703;1 085;1 179;1 381;1 383;1 391;1 353;1 068;699
2B8B9DC3-211E-11E8-9C6C-005056A225F3;192;500;498;566;722;1 484;1 402;1 558;924;822;883;1 074
C5794FAF-9747-11E5-8E25-00505602071E;597;593;942;955;770;778;626;643;809;851;914;861
1503DF22-3A98-11E9-99D9-C69417C43C93;226;378;553;577;521;782;988;840;832;830;903;1 172
607F3C2A-448E-11E8-9C6C-005056A225F3;399;235;270;657;656;743;924;532;760;824;995;1 169
00000000-0000-0000-0000-050580086736;;;;;;;;7;11;389;1 534;5 760
D3BDFF3A-A867-4CDC-8448-C9566C4FBF94;1;128;125;334;383;547;462;375;467;800;1 911;1 691
32FE57FE-9EE3-4EC7-881C-8DD6176A46EC;162;582;297;217;269;338;710;797;724;743;757;962
00000000-0000-0000-0000-050045798313;77;169;182;184;240;331;287;480;750;918;1 095;1 535
F8EB29DF-1C0A-11E6-9D6C-005056A2384C;;;90;46;173;1 269;788;117;717;955;939;584
68A45360-2413-11E7-8B42-005056A225F3;1;1;5;12;6;1;178;3 454;1 103;270;220;195
3E998491-C7BF-11E8-8635-005056A225F3;193;252;455;399;353;411;274;466;377;403;719;739
C9C4463E-BB42-11E8-8635-005056A225F3;;;;;;;28;292;317;634;1 065;1 947
00000000-0000-0000-0000-000146038888;295;362;483;457;137;276;579;257;202;304;425;378
Все для сада;;;;;;;;;;;;
45426A54-67A1-4F3A-9C46-B74F3ACC9B40;11 517;19 037;21 312;32 980;25 961;27 875;23 472;20 289;16 626;17 053;15 468;23 215
00000000-0000-0000-0000-000000165258;;;;;;;;;;;;
ХУСКВАРНА ООО;4 664;6 902;11 124;23 650;36 924;41 287;34 978;23 201;15 014;13 759;10 675;9 031
96597DFB-6816-11E5-B1B7-00505602071E;5 839;7 617;13 761;27 918;33 159;39 638;28 037;16 820;12 738;12 836;11 553;14 589
4B0DCC2D-679A-11E7-93EC-005056A225F3;4 933;6 132;8 215;13 254;21 145;26 246;22 608;14 677;12 868;9 619;8 190;9 615
6B1F011C-3D42-483C-8741-A0C86AA8D673;2 603;4 162;6 462;11 033;19 708;25 152;18 394;13 226;9 883;8 403;6 235;6 541
1D1E038F-66B4-11E5-B1B7-00505602071E;2 551;3 911;5 210;9 445;13 409;14 886;12 667;9 480;8 403;8 558;8 241;8 163
00000000-0000-0000-0000-050826878062;3 162;3 814;4 889;8 616;11 611;13 061;11 453;9 902;8 468;7 882;5 654;4 416
0ED106BF-1FAE-11E9-90E2-005056A27BA9;2 595;4 208;5 082;9 099;12 966;16 986;12 978;7 116;5 353;4 324;3 658;4 258
1D829AFB-8DB3-4414-9240-83DA54621473;5 588;8 839;4 235;6 705;5 072;4 332;5 172;4 045;4 888;5 825;8 465;15 580
4E4B914B-FD5A-11E5-A2CC-005056A2384C;2 659;3 870;5 448;7 422;7 034;5 862;4 979;5 654;7 704;7 661;6 974;8 374
00000000-0000-0000-0000-000169202728;1 136;2 132;3 012;5 572;6 863;8 842;9 610;3 958;3 660;3 262;5 420;12 322
FAADF652-AEF3-4B2C-940C-7610941A4406;1 326;2 371;3 375;4 285;8 809;9 980;8 382;8 244;5 841;5 757;3 724;2 704
870922A1-3D28-11E7-BBB2-005056A225F3;3 318;3 542;3 724;6 112;4 333;3 562;4 460;4 405;4 601;4 737;5 421;5 310
00000000-0000-0000-0000-050576355004;2 878;3 938;5 668;7 074;3 152;3 166;3 714;3 783;3 935;4 386;4 661;6 083
D3BDFF3A-A867-4CDC-8448-C9566C4FBF94;175;645;2 168;5 306;7 855;7 390;6 435;5 436;4 792;4 349;4 088;3 661
2C48B5F2-138F-11E6-93E5-005056A2384C;2 869;6 317;4 102;5 890;4 470;4 117;3 822;3 239;3 344;4 299;3 359;3 790
00000000-0000-0000-0000-000028422189;1 232;1 550;2 407;4 662;5 811;7 278;7 510;5 260;3 851;3 695;3 165;2 581
00000000-0000-0000-0000-000000000000;2 792;3 977;4 372;5 081;5 009;5 069;4 137;3 646;3 142;3 276;3 392;3 886
1212C2D0-3768-11E8-9C6C-005056A225F3;372;1 219;1 244;2 475;10 467;12 574;8 798;5 280;2 716;952;836;612
00000000-0000-0000-0000-000154757344;1 182;1 543;2 315;5 143;5 630;5 884;4 949;3 178;2 722;2 740;2 802;2 692
13B716B1-789E-11E5-B1B7-00505602071E;1 143;1 648;2 260;4 332;5 671;6 257;5 746;5 910;2 213;1 607;1 333;1 544
C3A5DB44-B5CD-11E8-8635-005056A225F3;1 544;1 582;1 628;3 772;5 964;5 409;4 581;3 663;3 688;2 962;2 045;2 349
31793C14-E298-11E4-A937-005056020188;810;1 141;1 655;3 566;4 641;6 771;6 738;3 550;2 690;3 148;1 814;1 891
4D370DFC-7C46-11E4-BB53-005056020188;760;1 084;1 782;3 470;4 840;7 235;7 133;3 313;2 907;2 163;1 703;1 562
00000000-0000-0000-0000-000155459602;1 767;1 509;2 213;3 244;4 659;5 740;4 538;2 760;2 417;2 006;2 052;2 252
F21F69EE-E9BE-11E5-A028-00505602071E;980;1 120;1 770;4 820;4 512;3 606;3 440;3 493;3 303;2 573;1 943;1 672
53B6A757-90A4-11E8-A7D5-005056A225F3;1 359;1 868;2 258;2 615;2 094;1 932;2 361;3 872;3 228;2 875;5 062;3 693
25397CD5-1B92-11E7-8B42-005056A225F3;1 300;2 045;2 893;3 967;3 825;3 469;3 348;2 352;1 918;1 586;1 684;1 903
00000000-0000-0000-0000-000025017860;680;1 277;1 740;2 609;3 921;3 582;2 598;2 708;2 271;2 316;1 573;1 503
C175F6B4-1E5E-11E5-B547-00505602071E;905;1 248;1 959;2 466;2 593;3 010;3 694;2 409;2 643;2 112;1 707;1 561
9765B739-C93F-11E3-A316-005056020025;1 165;1 824;2 332;2 538;2 274;2 703;2 789;2 085;1 809;1 873;2 409;2 488
E9EAD8D7-5C64-11E5-A8FB-00505602071E;487;770;1 870;4 626;4 254;3 328;2 879;1 984;1 545;1 542;1 236;1 249
00000000-0000-0000-0000-000000676452;579;1 001;1 634;2 316;4 142;4 418;2 967;2 537;1 927;1 526;984;1 035
00000000-0000-0000-0000-000028658690;1 054;1 663;2 082;2 194;1 790;1 874;2 124;2 182;1 968;2 248;2 092;2 675
E849D57F-A041-11E6-B059-005056A2384C;494;781;1 077;1 332;1 505;2 015;2 173;1 937;2 334;1 870;1 980;2 628
E479FC1F-343D-11E9-99D9-C69417C43C93;303;726;548;1 496;2 681;4 064;4 296;2 163;1 070;973;669;1 081
81621037-4875-496A-992F-283C6CA6535F;243;232;522;3 397;1 913;1 897;2 108;2 133;1 814;991;769;1 126
636C05AA-96E6-477B-8EC3-16756DBA4953;208;521;868;1 576;1 590;2 489;2 638;1 889;1 322;992;935;1 460
53907A09-9C97-11E8-A7D5-005056A225F3;695;986;1 108;1 921;1 953;1 881;1 529;1 381;1 454;1 363;1 043;1 113
00000000-0000-0000-0000-000146903654;;;434;1 488;2 702;3 247;1 917;1 452;1 377;1 514;876;682
5E879219-6ACC-4D4A-A09F-3A3816BACD0A;522;815;1 088;2 650;1 627;1 330;1 258;1 263;1 529;1 117;1 166;1 285
FE0BC480-EBD8-4DB3-9FFC-46D516D8B817;4;86;343;843;1 156;2 249;2 569;2 552;1 568;1 312;1 193;1 321
6607C240-F4E4-11E6-9DAF-005056A2384C;952;1 036;1 078;1 827;1 873;1 306;931;846;824;805;835;1 461
8FEAFCC0-BE2B-11E3-B3A8-005056020025;335;419;502;937;1 783;2 313;1 443;1 071;813;918;1 006;1 463
6FB80DC6-0BC8-4F06-86DF-D69493A4B880;654;785;887;1 591;1 782;1 991;1 041;893;958;796;846;614
00000000-0000-0000-0000-050813242907;486;699;1 117;1 617;1 985;1 761;786;800;945;721;756;878
1EC2C42B-63AA-4D76-8B5A-318C784904E8;448;672;839;963;776;913;922;1 120;1 510;1 164;1 087;1 096
00000000-0000-0000-0000-050579266996;248;350;992;1 460;2 539;2 084;910;896;565;472;423;542
B5379EF9-DC3C-11E4-A937-005056020188;427;679;743;1 304;1 155;1 128;1 235;1 027;876;655;946;1 138
00000000-0000-0000-0000-000022419659;507;686;811;1 491;1 049;1 268;1 605;960;662;631;702;901
Сантехника;;;;;;;;;;;;
13B716B1-789E-11E5-B1B7-00505602071E;13 481;18 846;23 091;26 712;22 138;29 009;27 117;25 252;24 986;23 900;27 275;27 810
14899D0F-FBA9-4647-862C-6FF05E46C6B7;4 107;6 831;8 576;7 913;9 466;15 787;17 420;21 123;24 388;23 007;28 115;29 892
F5DA6A78-4024-4577-8D43-8530B3C399BA;6 222;9 548;9 292;11 573;10 302;15 047;18 199;15 497;13 953;13 298;14 433;16 227
00000000-0000-0000-0000-050689834436;5 963;9 370;11 736;12 653;10 603;12 407;13 710;14 843;14 314;13 134;15 235;14 537
FC566367-B822-4B2D-ADA7-F5BDE83A7303;468;283;390;560;2 912;5 342;11 623;12 890;17 941;21 471;17 739;17 317
E4DBF615-14B5-4B64-84DD-66041739A816;1 235;2 499;8 300;8 773;9 475;10 119;10 889;11 308;10 565;11 053;9 652;8 720
1CFC7394-060F-11E5-9252-0050560205C4;3 687;4 835;5 350;6 070;5 394;7 061;8 997;10 575;11 514;10 298;12 684;12 832
00000000-0000-0000-0000-000316264460;5 619;7 463;8 306;9 340;7 632;7 423;8 773;8 237;8 065;8 857;7 971;10 255
333C386E-EA8A-11E4-9B0E-0050560205C4;3 106;3 860;6 500;7 335;6 293;8 655;8 273;10 253;11 018;8 762;9 083;10 156
692E0D5A-3C8B-11E8-9C6C-005056A225F3;1 598;3 173;3 696;4 793;6 387;9 403;12 550;12 625;10 962;7 139;6 856;4 955
F872F0FB-2AEA-11E5-9837-00505602071E;7 240;9 077;10 293;12 367;11 490;7 940;5 418;4 520;3 503;3 199;2 504;4 022
15F5912E-3BBE-48EB-A45B-623FCEAB830F;2 499;2 446;4 014;5 202;4 756;5 248;7 053;7 909;8 005;8 221;8 291;7 940
127497A9-C5C4-11E6-8C73-005056A2384C;3 898;4 611;8 131;8 012;5 546;5 014;4 991;4 438;3 705;4 279;5 206;6 646
00000000-0000-0000-0000-000022209032;2 773;4 212;5 455;6 091;5 993;8 027;7 575;6 808;5 162;3 349;3 187;3 238
3888C5D8-46FA-11E9-99D9-C69417C43C93;927;1 389;1 894;2 719;2 888;5 193;6 196;7 064;8 594;7 983;7 577;5 817
6C3F669D-A63F-4005-9C32-DFD680852E24;1 156;787;1 111;1 483;2 814;5 185;6 747;7 906;8 320;6 718;4 509;6 422
00000000-0000-0000-0000-000000000000;1 316;1 436;1 684;3 367;3 304;4 112;5 349;6 483;6 105;5 571;5 920;4 526
8A1B28DD-C5C2-11E6-8C73-005056A2384C;3 090;3 666;5 196;4 956;3 348;3 650;3 347;3 678;3 153;3 265;3 166;4 343
049174C0-E198-11E3-ACAE-005056020025;1 814;2 774;4 167;4 303;3 494;2 887;3 281;3 472;3 853;3 386;3 360;3 201
78111865-B3D8-11E7-9B6C-005056A225F3;1 986;2 537;2 990;2 668;1 959;2 448;3 665;4 479;2 905;1 808;3 056;5 457
00000000-0000-0000-0000-000155459602;1 423;2 028;2 106;2 344;2 206;2 525;3 503;2 956;3 151;4 063;4 389;5 183
62158960-979D-11E7-B91E-005056A225F3;1 721;2 317;2 665;3 582;3 501;3 177;3 010;3 047;3 159;2 741;2 419;3 202
4907CACE-CE2D-4D3C-96FD-B79F6E3E5C4E;1 323;1 593;2 298;2 398;2 215;3 222;3 051;3 730;2 329;2 349;2 754;3 643
00000000-0000-0000-0000-051373760501;1 593;4 871;1 930;2 764;2 410;2 754;2 180;2 278;1 877;1 733;2 131;2 011
C29171AE-C6D5-11E8-8635-005056A225F3;1 101;1 507;2 105;2 208;2 014;2 204;2 276;2 292;2 659;2 655;3 076;2 931
00000000-0000-0000-0000-000148493337;1 403;1 304;1 525;1 740;1 832;1 770;2 028;2 182;3 170;2 408;2 541;3 047
96597DFB-6816-11E5-B1B7-00505602071E;1 137;1 314;1 705;1 973;1 806;2 003;2 120;2 430;2 186;2 414;2 247;2 700
47A9EF12-7E6F-11E7-B91E-005056A225F3;1 977;2 005;2 443;3 680;3 355;3 050;2 717;613;231;272;103;44
00000000-0000-0000-0000-050565134308;1 391;1 700;1 763;2 025;1 354;1 354;1 494;1 682;1 546;1 880;1 903;2 368
4D370DFC-7C46-11E4-BB53-005056020188;387;677;1 457;1 491;1 577;1 654;2 147;1 419;2 057;1 797;3 061;2 700
00000000-0000-0000-0000-000155087024;1 456;1 796;1 833;1 894;1 636;1 551;1 552;1 418;1 506;1 347;1 461;2 787
00000000-0000-0000-0000-000028422189;368;476;928;1 551;1 744;2 120;2 561;2 021;1 962;1 774;1 650;1 774
67A4A521-6601-11E7-93EC-005056A225F3;67;53;87;292;744;1 884;2 519;2 967;2 780;3 250;2 199;821
00000000-0000-0000-0000-050810068924;251;728;1 426;1 374;1 343;1 677;1 056;1 523;1 331;2 003;2 067;1 588
1D1E038F-66B4-11E5-B1B7-00505602071E;851;791;808;934;962;954;963;868;1 448;1 739;2 143;2 277
64EC49C7-A534-4497-ABE3-6EA93C08BFF1;1 065;1 069;787;705;572;679;661;1 002;1 731;1 568;1 836;1 909
1225E1DA-1CF7-11E6-9D6C-005056A2384C;408;543;735;989;1 291;1 545;1 290;1 080;1 179;1 123;1 227;1 635
B23AC01C-EEE6-4B12-8BB9-53C2088821DF;219;681;937;952;829;1 261;1 136;1 388;1 204;1 217;1 331;1 431
8E5240DD-C3FF-49C3-AE64-B3E815D539E6;240;306;763;550;889;882;1 019;1 445;1 184;1 106;1 650;2 039
55D72426-D69B-49C6-82CA-BFCA005B44C7;431;546;963;774;606;750;541;1 370;1 240;1 209;1 240;1 484
E0E1396F-A48D-4A20-ABE5-263AEF396783;145;173;514;711;829;995;1 384;1 196;1 047;994;1 111;1 344
87CFF456-53CA-11E6-B059-005056A2384C;403;594;861;833;620;851;827;1 061;735;876;1 102;1 227
F5E058F9-48DD-4761-ADBA-A7DE0D2A10BD;482;750;729;859;552;607;892;995;914;947;800;900
189EEBED-86AA-11E4-BB53-005056020188;467;696;863;788;583;703;683;799;805;873;877;1 171
FE0BC480-EBD8-4DB3-9FFC-46D516D8B817;47;97;83;143;127;269;849;1 175;1 173;1 425;843;2 977
8BD17585-2691-4985-BA39-6F27A462F9B6;240;414;580;496;622;669;758;830;932;740;1 267;1 426
00000000-0000-0000-0000-050984831839;167;332;448;852;494;687;972;948;1 044;885;741;906
1FE40B65-73BD-4E56-AACA-E8679574CA3F;;;113;165;119;153;523;718;1 112;1 026;1 158;2 736
945988C7-9B1A-11E4-9D36-005056020188;269;497;572;1 154;402;442;454;536;714;625;824;939
5E01CF5B-F3DE-11E8-9731-005056A27BA9;366;491;672;755;792;649;575;570;597;335;329;628
Силовая техника;;;;;;;;;;;;
53907A09-9C97-11E8-A7D5-005056A225F3;12 012;19 236;23 277;28 613;24 165;24 659;22 108;23 965;25 188;25 059;23 975;24 887
B5F6F317-CE8A-11E7-861D-005056A225F3;6 954;12 921;14 411;13 511;12 420;13 009;13 748;14 210;13 611;13 176;15 409;15 613
9BA5FA8D-B36A-11E7-9B6C-005056A225F3;5 876;8 229;8 090;5 723;11 214;10 827;11 369;11 084;7 743;5 182;9 119;13 395
EC40DF04-39FC-11E7-BBB2-005056A225F3;3 431;5 671;7 628;7 948;8 032;7 966;7 222;5 219;6 294;6 648;8 146;7 248
00000000-0000-0000-0000-000042603766;3 601;5 033;6 660;6 015;6 823;6 568;7 710;8 042;6 889;7 259;6 818;8 847
00000000-0000-0000-0000-050284191033;7 114;10 296;11 707;10 584;4 524;4 822;4 474;4 776;3 810;2 825;4 057;4 510
0ED106BF-1FAE-11E9-90E2-005056A27BA9;3 922;6 269;6 250;6 468;5 914;6 805;6 478;6 662;5 951;5 581;5 246;6 128
1D1E038F-66B4-11E5-B1B7-00505602071E;3 384;4 245;5 026;6 210;6 229;6 152;5 888;6 575;7 055;7 018;7 127;6 218
7A8C2126-3768-11E8-9C6C-005056A225F3;2 722;3 883;4 884;6 606;4 449;4 968;5 555;5 475;6 261;5 541;4 381;5 257
4B0DCC2D-679A-11E7-93EC-005056A225F3;2 522;3 680;4 174;4 042;3 294;4 690;4 647;4 295;4 366;5 528;6 310;6 225
45426A54-67A1-4F3A-9C46-B74F3ACC9B40;3 323;3 446;4 914;5 653;3 819;4 659;4 024;5 461;5 073;4 634;4 188;4 511
BC5B2000-38DB-11E9-99D9-C69417C43C93;1 407;1 782;2 809;5 010;2 621;4 712;5 680;4 496;5 369;5 506;3 810;2 439
A3434B51-DCE7-11E8-9731-005056A27BA9;2 505;3 097;3 360;4 070;3 594;4 181;3 675;3 168;3 769;4 132;3 252;2 775
9A23B52A-207F-11E9-90E2-005056A27BA9;1 136;2 002;1 986;2 006;2 045;4 883;5 621;5 800;5 350;4 461;3 324;2 705
1F1C670F-636A-11E5-B1B7-00505602071E;1 910;2 360;2 902;3 225;2 669;2 947;2 993;3 155;2 877;3 117;3 613;3 650
32FE57FE-9EE3-4EC7-881C-8DD6176A46EC;1 657;2 489;2 371;2 776;3 385;3 629;3 353;3 591;3 009;2 982;3 001;2 842
00000000-0000-0000-0000-000000000000;2 667;4 373;5 560;5 835;3 920;2 551;2 486;2 063;1 280;1 282;937;923
00000000-0000-0000-0000-050335510951;1 836;2 457;2 938;2 857;2 966;3 171;3 039;3 224;2 585;2 544;2 151;2 355
09AAD932-C7AF-11E8-8635-005056A225F3;1 315;1 363;1 989;1 910;2 493;2 323;2 734;3 511;4 222;2 940;2 857;3 285
FF6095DB-1670-477A-925B-014F72CB7510;426;309;940;1 387;1 659;1 825;2 324;2 949;4 082;3 856;4 069;4 264
846E05A0-36DE-11E6-B059-005056A2384C;1 460;1 860;2 424;3 052;2 206;2 320;1 693;2 208;2 236;2 508;2 914;2 808
4DAC6053-C1B0-49D7-9A8A-57EC1426F04E;1 598;2 154;1 920;2 246;2 428;2 026;1 802;2 473;2 171;2 248;2 871;3 618
F4609184-9CA3-4F5F-906C-F229CA159ACC;;110;269;547;1 104;1 702;2 720;3 340;4 037;4 084;4 069;3 986
00000000-0000-0000-0000-051395443347;1 143;2 109;1 968;2 011;1 578;2 075;2 613;1 804;2 045;2 266;2 636;2 498
DB72FAFD-E46E-11E6-8C73-005056A2384C;1 486;2 163;2 408;2 319;2 047;2 088;1 926;1 727;1 860;1 771;1 865;1 794
F8EB29DF-1C0A-11E6-9D6C-005056A2384C;922;1 963;1 877;1 966;1 391;1 781;1 748;2 222;2 086;2 152;2 407;2 619
EB907810-B136-4457-8C44-286235D4DB58;1 134;1 259;2 429;1 905;1 726;1 974;1 974;2 001;1 695;2 096;2 217;2 704
A00C76AF-2A91-4A79-BC23-64971C0DE20F;539;1 010;1 593;1 469;1 475;1 821;2 864;1 933;2 300;2 818;2 632;2 394
96597DFB-6816-11E5-B1B7-00505602071E;1 194;1 703;2 128;2 348;2 198;2 132;2 086;1 722;1 744;1 616;1 593;1 652
00000000-0000-0000-0000-000036249788;671;1 156;1 178;1 750;1 508;1 608;1 623;2 377;2 532;2 198;2 071;2 163
F21F69EE-E9BE-11E5-A028-00505602071E;466;791;1 325;1 520;1 595;1 792;1 514;2 498;2 930;2 041;2 099;2 102
21E70EB8-CD03-11E6-8C73-005056A2384C;1 044;1 379;1 879;2 088;1 578;1 445;1 716;1 774;1 897;2 015;1 881;1 872
00000000-0000-0000-0000-000189235463;1 790;2 127;2 096;1 384;1 557;956;664;1 115;1 489;1 228;2 077;1 899
8846099F-30A3-11E7-8B42-005056A225F3;989;1 351;1 667;1 338;1 403;1 538;1 524;1 827;1 803;1 596;1 414;1 413
00000000-0000-0000-0000-050144018314;654;1 225;1 666;1 406;1 472;1 335;1 566;1 962;1 590;1 217;1 481;1 456
B29535AA-01DC-11E8-A79F-005056A225F3;451;628;958;1 370;1 339;1 027;1 321;1 588;2 042;1 549;2 096;1 558
684C99A2-0821-11E8-A79F-005056A225F3;361;937;1 246;1 273;1 150;1 165;1 230;1 454;1 626;1 891;1 786;1 230
00000000-0000-0000-0000-050576355004;733;1 057;1 161;1 394;1 362;1 123;986;1 225;1 304;1 730;1 104;1 201
4F95461B-ECD6-11E4-9B0E-0050560205C4;281;669;1 116;1 400;1 453;1 511;1 374;1 677;1 230;1 595;1 338;653
9B1AF16A-F73B-11E6-9DAF-005056A2384C;1 166;1 419;1 311;1 567;1 340;1 141;984;1 006;841;1 052;1 126;988
EB9AD9EF-97F0-4CF0-970C-A386C1DAD85A;108;225;354;1 306;1 709;1 441;1 259;1 247;1 556;1 335;1 226;1 797
0AE9AA44-628E-4734-A141-90ED2E1627D3;190;448;617;1 507;849;1 167;1 116;1 769;1 307;1 478;1 297;981
EC8DD8C5-4757-47A1-8F74-EAD814323FD2;;;340;1 341;1 321;1 663;1 283;1 611;1 828;1 463;1 100;750
B1DBE045-B854-11E6-8C73-005056A2384C;404;459;727;653;538;646;1 068;1 141;1 168;1 476;1 697;2 047
8591FBBF-11E1-11E6-93E5-005056A2384C;239;482;640;803;708;724;590;1 089;1 274;1 637;1 845;1 731
5331710E-89B3-11E4-9D36-005056020188;435;901;886;1 092;919;990;1 045;1 117;980;1 000;1 166;1 152
31793C14-E298-11E4-A937-005056020188;692;865;1 223;1 460;924;919;972;866;913;834;807;981
50FD10DD-5A6F-11E8-9C6C-005056A225F3;265;474;666;641;876;1 072;1 242;1 557;1 431;1 212;978;900
F9D1BB65-3C9D-4D65-9577-81CF7DA04BB7;172;200;222;286;673;1 407;974;840;1 329;1 217;1 392;2 311
5E6E6AF1-D88C-11E6-8C73-005056A2384C;248;896;1 096;851;760;956;928;748;1 170;930;1 195;860
Строительные материалы;;;;;;;;;;;;
87CFF456-53CA-11E6-B059-005056A2384C;10 640;14 986;17 942;19 834;19 579;25 077;24 975;26 072;27 864;26 474;26 436;30 090
81621037-4875-496A-992F-283C6CA6535F;6 565;10 046;16 496;21 254;18 092;17 634;17 214;19 801;19 085;16 271;18 369;17 697
00000000-0000-0000-0000-050984831839;7 339;11 496;13 380;16 397;13 085;14 204;14 079;18 681;16 261;18 942;19 544;27 541
00000000-0000-0000-0000-000146038888;5 757;7 518;9 441;12 290;12 634;14 912;16 258;17 098;15 520;13 708;12 838;14 832
BE90B98A-254F-11E9-90E2-005056A27BA9;3 184;4 132;5 849;7 791;5 400;10 411;11 346;8 592;10 510;9 151;10 607;10 457
38999A8D-8433-11E8-A7D5-005056A225F3;2 905;4 018;5 656;6 614;5 914;6 964;9 122;10 409;9 387;7 112;7 184;7 821
E41B2CA9-3AB0-4D8C-8FF2-E55D83ABD17A;1 121;1 480;2 778;4 438;3 358;4 642;5 181;5 910;5 057;5 780;5 482;9 566
B78CCBDC-32E7-46FE-95E0-95F4FF383937;1 811;3 037;3 159;3 608;2 623;3 128;4 706;6 101;7 104;5 503;5 909;5 668
0AB89BBA-B598-11E7-9B6C-005056A225F3;2 887;4 394;5 013;4 610;4 050;4 374;3 652;3 804;4 182;4 663;4 722;4 857
55E07A57-3ACE-4A14-BC11-FCA65555629E;900;1 120;1 871;4 146;3 386;4 351;5 449;6 305;5 878;5 520;5 167;5 881
96597DFB-6816-11E5-B1B7-00505602071E;2 716;2 946;4 636;4 148;2 004;4 189;2 828;3 702;4 384;4 568;6 073;6 425
3E4F8153-92E8-447B-AECD-E96516D9F8FE;1 175;1 909;3 162;3 224;2 627;4 071;4 044;4 519;4 482;4 873;4 228;4 306
ED4D2CAF-386F-4FD4-AE7C-C0192124DA5D;358;699;1 223;2 001;2 647;3 895;3 870;5 547;4 083;3 851;4 109;4 341
8912A19E-B01F-11E8-8635-005056A225F3;1 382;2 391;2 195;3 213;3 714;3 729;3 441;3 974;2 953;2 927;2 934;3 174
64EC49C7-A534-4497-ABE3-6EA93C08BFF1;1 153;1 635;2 142;2 436;2 232;2 766;3 206;3 299;2 921;3 375;3 161;3 655
02B43FC5-2629-11E9-90E2-005056A27BA9;1 031;1 221;1 849;1 330;735;1 003;1 886;2 764;3 072;3 007;5 117;6 688
629C7949-BBFF-11E8-8635-005056A225F3;333;439;824;1 880;2 031;3 721;4 374;4 940;3 611;2 495;1 923;1 295
966D3D37-F8E6-11E6-9DAF-005056A2384C;1 122;1 383;768;1 097;934;1 680;1 595;3 246;2 776;2 747;4 374;6 020
00000000-0000-0000-0000-000000000000;1 556;2 320;3 005;2 971;2 769;2 137;2 012;3 285;2 037;1 911;1 793;917
E4B79A44-D738-11E6-8C73-005056A2384C;126;210;239;995;1 605;3 006;3 894;4 727;3 710;3 815;2 082;1 168
0F5AE279-69F7-11E6-B059-005056A2384C;1 098;2 138;1 878;1 678;1 588;2 019;2 357;2 063;2 124;2 910;2 322;3 385
80941AB1-68A9-4985-8894-2C82B39D2B0D;;2;35;459;806;1 778;2 744;3 176;3 590;4 002;3 966;2 890
2B8B9DC3-211E-11E8-9C6C-005056A225F3;483;630;724;1 264;1 680;1 652;2 646;3 233;2 793;1 756;1 978;1 991
BB66AC62-B14C-4D16-B7F7-1CAFB8782A68;1 151;858;1 671;1 689;2 118;2 642;2 833;1 783;1 446;1 518;1 587;773
1AF24F91-CFC7-11E5-A152-00505602071E;;;7;17;82;1 494;1 832;3 149;3 253;3 789;3 252;2 867
884375E4-EFD3-4900-B8DB-E9BBEA29C7EB;469;612;1 082;1 237;1 460;1 736;1 923;2 480;3 552;1 547;1 572;1 475
00000000-0000-0000-0000-050338050087;1 761;945;1 041;1 203;1 308;2 114;1 482;2 099;2 362;1 430;1 378;1 880
CEA5EFD3-42FF-43CA-8673-AE8A9A51F6BE;390;837;1 018;1 190;1 027;1 189;1 161;1 703;1 328;2 201;2 554;2 956
80633FC3-BD9B-11E8-8635-005056A225F3;347;496;561;909;1 265;1 441;1 583;1 329;2 013;1 447;1 719;1 190
45426A54-67A1-4F3A-9C46-B74F3ACC9B40;483;729;866;1 136;1 225;1 627;1 655;1 042;1 583;1 013;1 193;1 301
D56D79DD-BD08-4414-A41C-570C9B583CC1;;;631;1 218;1 192;841;1 394;1 526;1 587;1 320;1 468;2 038
00000000-0000-0000-0000-051414132678;250;493;926;1 155;561;1 017;1 243;1 891;1 493;1 332;1 182;626
A6AD0707-EE8F-4595-AD9D-5AA1628F6800;605;773;838;999;840;1 174;1 047;951;1 107;942;1 091;1 417
8E20F48C-9D9A-4CEE-B1D4-39EA1A41F8CF;220;252;456;1 165;1 048;1 232;1 473;1 412;1 098;1 031;895;715
C1A04AAD-148E-403A-888C-BE350B097509;719;759;1 242;1 764;1 205;1 070;677;395;876;829;582;721
4FD59363-AA9D-11E7-9B6C-005056A225F3;605;721;844;783;740;950;761;1 040;927;684;1 033;1 641
23D64EFE-8129-11E5-B1B7-00505602071E;86;175;309;648;411;704;955;997;1 356;1 496;1 535;1 852
E12DD934-27D3-4A3C-8FCE-8D794E381C93;64;234;375;553;493;563;1 045;1 415;1 789;1 128;1 278;1 329
7C4D636D-63A0-11E6-B059-005056A2384C;429;663;789;913;653;1 039;908;938;819;776;744;977
2E9C33CE-6419-11E8-9A60-005056A225F3;202;23;12;1 026;295;111;13;5;22;688;2 758;4 138
75F34738-B6A2-45C0-ADD5-D5C1B3BC17CA;269;367;572;940;908;1 033;1 043;1 061;976;752;544;420
00000000-0000-0000-0000-050285630761;532;599;860;791;854;1 084;1 285;716;337;458;479;559
7F459571-9B09-11E8-A7D5-005056A225F3;315;697;698;842;676;755;953;678;888;676;423;541
CCC4C458-CB74-4D35-BDD0-6DDB9E2B9C2E;138;359;541;695;697;608;713;831;730;852;630;1 263
5E09A502-E7D3-4ED2-AC89-9E157DD21EA4;;93;269;450;202;84;574;1 261;1 222;1 324;1 209;1 367
881EA33D-1ABA-11E8-9C6C-005056A225F3;;12;316;531;829;983;1 209;1 005;836;698;637;653
4F79B4EE-80C1-11E6-B059-005056A2384C;487;415;555;663;518;678;806;901;648;1 007;614;215
00000000-0000-0000-0000-050507352084;;;;;;;;;1 034;1 631;2 152;2 593
12710E45-A64A-45E4-970C-DC737D73CC5C;153;141;273;341;382;593;726;943;1 021;933;896;993
2A739DEC-7F36-4778-BA4D-01E5876EF959;108;191;206;453;612;816;633;1 125;1 153;959;627;511
Автогаражное оборудование;;;;;;;;;;;;
0F5AE279-69F7-11E6-B059-005056A2384C;5 220;9 944;12 130;14 264;10 721;15 027;16 311;17 912;17 397;16 068;17 299;22 875
00000000-0000-0000-0000-000000000000;6 746;10 914;13 780;15 634;11 476;12 883;8 713;13 799;11 946;5 530;4 797;2 383
9A23B52A-207F-11E9-90E2-005056A27BA9;3 290;4 585;5 083;5 295;5 375;7 550;7 410;8 456;9 224;8 638;10 739;12 068
E9EAD8D7-5C64-11E5-A8FB-00505602071E;2 179;3 106;4 109;6 479;7 481;7 223;6 582;6 084;5 946;5 627;5 447;6 842
45426A54-67A1-4F3A-9C46-B74F3ACC9B40;2 778;3 511;4 506;7 171;5 247;4 414;5 103;5 162;5 805;6 623;6 630;5 698
B4CAD739-2BE1-11E7-8B42-005056A225F3;2 442;4 712;5 150;6 129;4 884;5 991;4 684;6 333;4 811;5 170;4 482;6 013
64EC49C7-A534-4497-ABE3-6EA93C08BFF1;3 322;5 708;5 442;4 732;3 658;4 351;4 806;3 141;4 435;4 733;4 407;4 855
2D309556-07D3-4C2D-8551-5F7973476DD9;2 508;3 339;4 691;4 761;4 563;5 012;4 276;4 570;4 195;4 448;5 170;5 544
846E05A0-36DE-11E6-B059-005056A2384C;2 686;3 463;5 066;5 809;4 815;4 797;3 843;3 487;3 300;3 692;5 023;4 396
0AEC4ACE-CD2D-4AA6-B5F3-75955DB1536C;2 351;3 152;3 588;5 478;4 173;3 948;3 677;4 768;4 364;4 699;4 680;4 888
B0C94450-2A88-11E7-8B42-005056A225F3;1 888;3 148;4 184;5 625;4 208;4 374;3 858;4 144;3 754;4 547;4 764;4 915
51B23434-0812-4F09-B204-75C4BFCA998C;1 406;2 425;2 656;4 230;2 883;3 592;3 792;3 801;4 204;4 228;5 388;6 364
00000000-0000-0000-0000-000025535643;1 778;2 542;3 375;4 020;3 372;3 410;3 575;3 997;3 355;3 361;3 067;3 434
00000000-0000-0000-0000-050076565128;1 220;2 884;3 730;3 369;3 103;3 836;3 210;3 617;2 891;2 799;3 220;3 879
96597DFB-6816-11E5-B1B7-00505602071E;1 631;2 081;2 786;3 414;2 696;2 709;3 025;3 046;3 057;3 233;3 478;4 225
31793C14-E298-11E4-A937-005056020188;2 210;2 766;3 495;3 629;2 848;2 909;2 711;2 541;2 744;2 832;3 115;3 231
C5E56044-0974-47D2-81BF-8DACCFE50AA6;4 217;3 990;3 271;3 281;2 502;2 176;1 947;2 144;2 306;2 556;2 736;3 627
F8EB29DF-1C0A-11E6-9D6C-005056A2384C;1 723;2 309;3 045;3 104;2 722;3 089;3 025;3 240;3 029;2 980;3 067;3 158
9EB4419A-BBF6-4C95-A065-F4300B8E6D73;1 134;2 163;2 437;2 972;2 630;3 541;3 139;3 220;2 887;3 021;2 661;3 757
7F459571-9B09-11E8-A7D5-005056A225F3;1 239;2 294;2 104;2 618;3 011;2 808;2 667;3 026;2 571;2 367;2 703;4 042
2CD66C95-C3EE-11E4-9D36-005056020188;1 073;2 198;2 298;3 411;2 330;3 721;2 116;2 594;2 991;2 639;2 365;3 052
8591FBBF-11E1-11E6-93E5-005056A2384C;1 498;2 426;3 276;3 314;2 626;2 519;1 960;1 959;2 666;2 778;2 664;2 705
00000000-0000-0000-0000-000000808550;90;559;628;1 095;1 372;1 410;1 901;3 274;3 548;3 933;5 200;5 879
4444647F-4C2C-11E7-93EC-005056A225F3;1 305;2 110;2 426;2 829;2 732;2 799;2 275;2 527;2 163;1 964;2 338;3 003
DF0525E4-7B3F-491D-A683-19CECA24799E;1 201;1 666;2 188;2 610;2 276;2 536;2 327;2 887;2 286;2 357;2 519;2 674
3E4F8153-92E8-447B-AECD-E96516D9F8FE;1 709;2 274;1 760;2 005;2 143;2 329;2 306;2 832;2 715;2 392;1 921;2 994
A7569BB4-9A0A-11E7-B91E-005056A225F3;1 823;2 375;2 184;2 335;1 914;1 730;1 570;1 659;1 804;2 142;1 947;4 137
ABE5EC6E-0218-4E25-A692-7DFB08368339;273;1 810;2 746;2 367;946;1 669;3 293;2 814;1 239;1 609;3 123;2 687
B548F6A4-B3F6-4E85-80EC-3F54A39BEC65;1 432;1 534;2 048;2 219;2 105;2 099;2 088;2 311;1 927;1 706;1 703;2 210
5BFC7AE5-20F7-4B77-A76E-8F5AAEC020D2;1 235;1 634;1 849;1 906;2 119;2 287;2 068;2 209;1 897;1 961;1 863;1 829
6166666F-1172-11E4-A274-005056020134;795;1 067;1 682;1 514;1 584;1 795;1 460;1 389;2 067;2 886;3 297;3 151
E177B4CF-0AA8-11E9-84EC-005056A27BA9;1 180;896;1 220;2 853;2 057;2 002;2 148;2 068;1 456;1 584;2 011;2 131
21E70EB8-CD03-11E6-8C73-005056A2384C;801;1 286;1 495;1 971;1 960;1 582;1 680;1 838;1 656;2 159;1 981;1 939
E4B79A44-D738-11E6-8C73-005056A2384C;1 316;1 828;1 952;1 682;1 465;1 743;1 416;1 194;1 633;1 752;1 541;1 771
00000000-0000-0000-0000-050144018314;1 165;1 350;1 660;2 030;1 616;1 211;1 336;1 403;1 635;2 257;1 782;1 674
00000000-0000-0000-0000-000000006781;1 095;804;831;1 245;1 390;1 484;1 672;1 981;1 374;2 000;2 248;2 260
9B71E86E-D5CA-11E8-9731-005056A27BA9;603;1 062;1 834;1 843;1 141;1 370;1 651;1 691;1 898;1 252;1 237;1 401
00000000-0000-0000-0000-050258290258;995;1 282;1 634;1 695;1 554;1 201;1 054;1 798;1 622;1 496;1 317;867
9C09437B-FD32-4A87-901B-6F28C3451B25;880;1 472;1 487;2 031;1 379;1 519;1 477;944;720;763;913;1 283
4B0DCC2D-679A-11E7-93EC-005056A225F3;992;1 493;1 163;856;1 446;1 773;1 346;1 017;1 002;1 005;1 185;1 557
2EEB28A0-AA9B-42C2-9C2E-5DB7D46CB084;577;450;1 035;1 818;1 527;1 477;1 167;1 112;1 248;948;924;1 510
C1B3EFAE-7B6F-413A-9225-8C025A29B0AE;157;249;613;1 139;1 077;1 029;1 062;1 672;2 296;2 499;1 505;187
5331710E-89B3-11E4-9D36-005056020188;2 534;1 035;1 432;1 338;956;732;740;706;868;1 079;813;944
58559F81-ADB0-4B6F-963F-530D4B932F57;191;699;1 340;1 195;921;835;867;954;1 129;1 866;1 747;1 242
00000000-0000-0000-0000-000186000186;318;481;687;836;663;996;969;1 817;1 617;1 446;1 627;1 520
00000000-0000-0000-0000-050415041855;881;865;649;756;802;1 060;956;1 246;824;1 101;1 500;2 336
0FCE2D67-4AC6-11E7-93EC-005056A225F3;306;585;895;935;978;1 418;1 167;1 408;1 462;1 206;1 425;1 182
B94C8823-DCFC-11E8-9731-005056A27BA9;577;735;883;1 015;1 066;1 328;1 233;1 239;1 020;1 195;1 175;1 460
04FA03BA-C37E-43A8-BFAE-BA9D452E4DB3;783;1 214;1 433;1 373;1 114;1 090;875;742;843;1 097;818;726
6A86153E-4B69-4D4A-9F01-61F6AE135012;336;930;781;997;840;828;766;1 280;1 077;2 015;994;984
Складское оборудование;;;;;;;;;;;;
E849D57F-A041-11E6-B059-005056A2384C;6 255;8 797;9 869;14 108;12 030;11 757;13 542;16 143;16 512;16 116;13 478;16 009
00000000-0000-0000-0000-000022537177;4 659;9 164;10 870;6 932;6 973;7 983;6 926;8 184;9 097;8 500;7 576;10 034
6105F9FD-5025-4098-B535-3A1CADC9BE7C;174;2 866;6 056;7 324;6 313;6 104;5 317;9 311;8 810;13 833;13 262;15 228
C46BFA62-1DB0-11E6-9D6C-005056A2384C;4 808;6 701;7 610;7 791;7 206;7 750;7 881;9 810;7 098;7 711;7 834;6 807
00000000-0000-0000-0000-050576355004;1 661;3 014;3 145;3 261;3 702;4 590;4 528;4 481;4 439;4 226;4 333;5 382
0945F526-0AFE-11E7-9846-005056A2384C;263;197;1 116;1 369;984;1 691;2 110;4 584;7 867;4 856;8 186;7 750
9B89E963-B5F0-4CEC-82B2-142C7AB8AA29;1 302;3 403;2 962;3 417;3 339;3 627;3 503;3 140;2 801;3 671;3 413;5 195
2F220476-7966-11E5-B1B7-00505602071E;1 449;1 876;2 872;2 676;2 286;2 013;2 125;2 501;2 720;2 833;3 558;4 341
04F4410D-F32E-488A-8DA3-B5F47D6E73ED;1 310;2 004;2 266;2 214;2 020;2 661;2 635;2 795;3 137;2 450;2 534;2 165
96597DFB-6816-11E5-B1B7-00505602071E;1 297;2 511;2 034;2 070;1 751;2 279;1 858;1 581;2 049;2 404;2 657;3 320
B718740D-CDB4-11E6-8C73-005056A2384C;460;1 749;1 674;2 083;1 238;1 676;2 069;2 307;3 001;3 290;2 637;2 961
2C65C94D-168B-11E5-9252-0050560205C4;794;1 680;1 872;2 072;1 816;1 986;2 133;2 066;2 399;1 956;1 875;2 640
8D61FFA6-332E-11E4-9F3E-005056020188;661;1 467;1 540;2 058;1 791;2 076;2 024;1 986;1 921;1 991;2 114;3 288
FB51968E-0124-4F59-BC60-97DC4A655712;593;736;1 452;1 875;1 573;1 560;2 264;1 788;2 682;1 858;2 617;3 154
00000000-0000-0000-0000-000144214697;672;985;1 197;1 486;1 419;1 455;1 102;1 389;1 230;1 655;1 518;1 513
45426A54-67A1-4F3A-9C46-B74F3ACC9B40;857;1 650;1 331;1 694;1 232;1 239;1 346;1 517;1 190;1 166;1 144;1 187
C6BB0FE8-D2FA-4C7D-AD56-2818B4544C8A;225;159;133;26;825;1 338;1 622;2 748;908;2 064;1 995;3 228
8BFC6A61-F2B5-11E6-898D-005056A2384C;274;755;1 102;1 220;778;969;1 100;1 178;1 250;1 373;1 284;1 553
6E31BD96-A121-11E8-86AD-005056A225F3;278;496;648;806;1 004;1 115;1 318;1 795;1 409;1 200;878;1 273
06B7B5C1-A81D-11E7-9B6C-005056A225F3;478;655;604;895;1 125;766;1 279;1 245;1 299;982;775;907
E4B79A44-D738-11E6-8C73-005056A2384C;555;633;905;761;914;1 001;793;1 079;936;970;858;800
00000000-0000-0000-0000-000000000000;1 076;1 720;1 631;1 427;943;552;339;467;673;468;312;476
00000000-0000-0000-0000-050985009373;786;853;860;848;819;1 111;676;767;965;690;788;866
30C79DED-C957-4FC5-91B8-4F0F0E57DB0F;631;968;931;1 059;1 095;938;672;691;601;682;632;895
5A67AB63-7644-4D70-A4D3-1E0504B4E869;;;;;;403;1 051;1 708;1 648;1 122;1 470;1 283
00000000-0000-0000-0000-050144018314;576;724;835;732;681;428;504;534;430;709;629;557
8BDFAD5A-B3D1-4F98-B4FF-F8BE365A61AF;;926;180;26;10;538;431;762;1 524;1 300;907;452
EF552118-E6DA-41DF-94FA-C290A0539850;6;;;2;6;14;5;358;1 292;1 503;1 876;1 993
31793C14-E298-11E4-A937-005056020188;483;559;707;605;432;554;404;776;646;526;699;586
64F6AB2D-72DB-4339-8D1D-BFE759AF8571;726;418;276;518;555;552;450;570;696;561;875;618
1212C2D0-3768-11E8-9C6C-005056A225F3;206;541;709;354;171;456;488;715;733;606;568;902
00000000-0000-0000-0000-000000427101;240;423;482;618;524;592;788;628;703;481;433;410
7366D5B2-0773-11E9-84EC-005056A27BA9;216;336;681;509;431;298;313;157;230;634;356;943
B8753202-943E-4053-BA88-BF2AA049C732;275;297;73;302;340;371;558;423;413;523;687;434
87CFF456-53CA-11E6-B059-005056A2384C;100;219;257;869;488;439;320;216;141;359;237;560
64EC49C7-A534-4497-ABE3-6EA93C08BFF1;190;335;508;409;355;398;296;273;185;361;418;468
00000000-0000-0000-0000-000024155877;130;198;331;303;243;371;352;346;470;311;312;407
13705DD9-DBF9-4806-AC91-5DAAAB727860;40;71;68;117;143;310;415;441;468;451;556;637
CA514434-8E96-11E5-A564-00505602071E;55;257;367;425;394;405;399;467;270;287;128;122
AD8C41FA-51BE-11E8-9C6C-005056A225F3;119;203;235;346;420;341;353;397;243;212;285;299
31C10D56-1A60-11E9-90E2-005056A27BA9;166;236;296;425;368;323;295;229;125;231;256;372
00000000-0000-0000-0000-050410001138;59;74;265;195;149;380;142;387;391;380;371;371
06EA18FC-DCE3-11E8-9731-005056A27BA9;22;93;33;20;15;3;900;18;51;87;1 453;361
CEA5EFD3-42FF-43CA-8673-AE8A9A51F6BE;113;77;141;350;109;92;410;310;391;259;345;445
B4CAD739-2BE1-11E7-8B42-005056A225F3;154;235;212;279;267;227;258;258;218;279;213;314
FE0BC480-EBD8-4DB3-9FFC-46D516D8B817;25;39;53;93;86;219;224;418;409;460;395;404
582DB386-2E98-418C-A722-FC0859A4AFF0;59;51;78;183;200;224;268;133;482;439;240;369
031E3AC8-B73A-4927-BF0E-10C0E3546036;115;73;240;431;158;116;170;276;371;111;194;355
C2098488-7A43-436B-A9F4-D2DD331CD160;34;116;161;294;202;224;160;124;213;223;234;607
D1E2DC64-A46D-11E8-86AD-005056A225F3;;;;;;;;5;170;325;804;1 176
Клининговое оборудование;;;;;;;;;;;;
45426A54-67A1-4F3A-9C46-B74F3ACC9B40;5 419;8 197;11 763;14 820;9 183;8 350;7 201;8 621;6 834;8 048;7 494;8 724
00000000-0000-0000-0000-050810068924;1 019;1 371;2 018;3 803;4 522;6 488;6 689;7 136;5 871;6 474;9 583;13 361
628B4174-4A25-11E9-99D9-C69417C43C93;3 218;5 338;6 266;6 222;4 636;5 184;4 884;5 352;6 226;5 764;6 244;6 678
00000000-0000-0000-0000-000154757344;2 287;3 534;3 495;4 468;4 174;3 804;3 877;3 785;4 323;5 160;5 331;6 059
46BDAB9D-5D1D-11E5-A8FB-00505602071E;3 153;4 022;4 934;4 677;3 614;3 580;3 768;3 663;3 615;3 704;3 867;4 120
25397CD5-1B92-11E7-8B42-005056A225F3;2 033;3 828;4 838;6 471;3 966;4 460;3 426;3 831;3 458;3 327;3 334;2 876
3E4F8153-92E8-447B-AECD-E96516D9F8FE;1 916;2 471;3 516;2 667;3 532;4 021;3 815;4 062;4 285;4 667;4 695;5 693
D00BB151-D6D0-11E5-B8A0-00505602071E;4 049;4 166;2 060;40;24;69;13;18;469;3 138;10 675;18 345
E849D57F-A041-11E6-B059-005056A2384C;495;1 347;2 680;3 043;4 223;5 115;4 051;3 963;3 592;4 354;5 375;4 763
E9EAD8D7-5C64-11E5-A8FB-00505602071E;1 793;2 305;2 728;3 312;2 796;3 207;3 516;3 897;4 174;4 163;4 243;4 739
96597DFB-6816-11E5-B1B7-00505602071E;1 985;2 723;3 194;3 889;3 278;3 803;3 203;4 271;4 035;3 093;2 859;3 835
1212C2D0-3768-11E8-9C6C-005056A225F3;1 329;1 702;2 551;2 668;2 410;3 132;2 435;2 991;2 385;1 916;1 992;2 742
B10E6AB4-5802-4FBB-9809-934E5376754B;700;991;1 608;2 771;2 409;2 256;2 059;2 660;3 329;1 971;2 998;3 312
00000000-0000-0000-0000-000000676452;729;1 212;1 651;1 694;1 374;1 175;933;1 076;1 157;1 398;1 425;1 567
C2A7B77A-68B9-4637-8F69-1CF5BEE37453;960;1 509;1 744;1 569;1 396;1 521;1 303;1 187;743;635;688;960
1503DF22-3A98-11E9-99D9-C69417C43C93;395;726;1 227;1 394;787;1 335;849;1 256;1 733;982;1 149;1 773
901B2C3C-09C7-4FF3-A5DC-4CFEA10068DC;20;50;145;293;257;945;1 251;1 290;1 957;1 995;2 170;2 897
AC25FC78-1DB7-4732-B431-64D380BD2AA8;746;762;1 410;1 446;982;898;900;1 523;806;1 006;842;865
FE0BC480-EBD8-4DB3-9FFC-46D516D8B817;132;309;306;465;627;704;1 013;913;1 904;1 532;1 400;1 771
51FE4390-0110-11E8-A79F-005056A225F3;278;409;632;641;596;570;1 147;1 077;1 434;1 646;1 248;1 319
1365443D-9F9A-41CA-BD5C-A7327D081B1C;;;;;;;93;273;1 519;1 914;2 269;4 321
531F1DDC-EF6F-11E6-898D-005056A2384C;446;657;818;773;662;700;1 030;1 151;743;778;977;1 071
8912A19E-B01F-11E8-8635-005056A225F3;1 112;1 090;651;539;487;826;1 078;560;326;733;635;1 655
00000000-0000-0000-0000-000025017860;453;655;880;855;703;651;675;717;847;813;993;1 040
FB9DBFAC-004B-11E5-BADB-0050560205C4;644;810;981;911;694;757;762;676;705;627;796;744
00000000-0000-0000-0000-050576355004;228;326;358;841;779;782;861;623;844;1 019;837;1 293
2C48B5F2-138F-11E6-93E5-005056A2384C;455;450;792;1 003;605;751;509;743;753;578;851;1 130
0945F526-0AFE-11E7-9846-005056A2384C;199;216;287;355;434;565;742;1 570;1 163;1 214;915;906
BDA865E3-D81B-4B4F-831B-4C818A8DCF72;53;112;160;276;272;325;719;1 140;1 066;1 238;1 102;1 186
00000000-0000-0000-0000-000000000000;383;373;442;337;884;427;587;985;406;643;691;1 202
9A23B52A-207F-11E9-90E2-005056A27BA9;134;274;435;728;486;748;740;910;538;998;700;491
81621037-4875-496A-992F-283C6CA6535F;74;54;351;692;674;953;1 114;701;784;845;447;447
00000000-0000-0000-0000-000036249788;395;370;314;325;278;216;343;850;889;833;756;1 120
31793C14-E298-11E4-A937-005056020188;314;440;520;579;417;598;503;658;525;506;631;722
0ED106BF-1FAE-11E9-90E2-005056A27BA9;387;306;357;554;327;468;466;492;490;688;718;861
62158960-979D-11E7-B91E-005056A225F3;218;461;537;546;673;814;420;843;326;377;283;456
EF552118-E6DA-41DF-94FA-C290A0539850;211;456;348;241;293;217;273;453;616;787;744;1 242
4444647F-4C2C-11E7-93EC-005056A225F3;188;222;375;542;557;718;568;542;566;348;428;376
42D0F72C-CD35-11E8-8635-005056A225F3;145;251;351;611;486;507;541;436;518;307;362;396
EBF43672-C554-11E7-BC22-005056A225F3;13;14;305;538;648;669;847;611;217;139;149;160
00000000-0000-0000-0000-050436687862;;;;;;;;;;;400;3 841
BE536C1E-6BDF-4C72-ADD0-D7CE02301C5F;;;;;;196;14;342;794;738;690;957
53907A09-9C97-11E8-A7D5-005056A225F3;241;212;173;230;147;173;305;347;483;431;367;259
E64C0997-0A66-4D62-9DEA-9C996D3EF7EC;177;179;294;251;301;306;313;277;310;336;267;304
629C7949-BBFF-11E8-8635-005056A225F3;67;82;149;230;253;367;403;603;315;270;270;288
5ACE8206-2654-4B17-8B98-252DF871A7C3;;;;;;;39;316;339;722;373;1 464
4FD59363-AA9D-11E7-9B6C-005056A225F3;325;156;148;390;81;104;135;515;220;351;343;374
FAADF652-AEF3-4B2C-940C-7610941A4406;175;141;227;271;244;306;349;334;231;264;234;310
8A0EE010-3CD2-11E4-9F3E-005056020188;;;84;121;115;71;64;167;230;428;563;1 018
B718740D-CDB4-11E6-8C73-005056A2384C;14;37;114;209;245;308;303;345;240;377;288;371
Станки;;;;;;;;;;;;
2E20E09B-78EE-11E6-B059-005056A2384C;7 374;9 061;11 603;14 630;14 658;13 111;11 336;9 164;9 453;10 406;10 452;10 143
30AEAA9A-4396-11E6-B059-005056A2384C;3 645;6 108;6 912;7 679;5 312;5 716;5 308;5 417;6 832;5 810;7 022;9 525
96597DFB-6816-11E5-B1B7-00505602071E;4 484;5 696;5 347;5 540;4 672;5 038;5 196;4 853;5 002;5 552;6 451;6 976
00000000-0000-0000-0000-000023258156;3 954;4 605;5 900;4 888;4 849;5 083;4 486;5 219;4 630;5 250;4 995;6 525
00000000-0000-0000-0000-050082459538;1 365;3 678;5 008;5 812;4 506;4 170;3 663;3 670;3 903;4 448;4 722;5 074
45426A54-67A1-4F3A-9C46-B74F3ACC9B40;2 441;3 554;3 403;3 984;3 111;3 247;3 193;2 906;2 724;2 707;2 532;3 093
00000000-0000-0000-0000-051700157529;1 765;2 512;2 694;2 809;2 715;2 282;2 526;2 779;3 386;3 739;3 760;4 157
D813892B-D455-11E3-A316-005056020025;1 186;1 733;1 873;2 263;2 245;2 590;2 192;2 687;2 449;2 172;1 627;2 627
00000000-0000-0000-0000-000000676452;1 016;1 500;2 031;2 126;1 749;1 564;1 592;2 019;2 044;2 292;2 246;2 273
E0F4899C-A65C-4149-BEA0-43B152961052;;;;;;;367;3 746;4 066;3 057;3 231;3 746
788EC365-0FCD-462E-9B09-035E65BA9CCA;1 944;2 835;1 665;490;963;1 144;1 052;1 634;1 434;1 541;1 330;1 560
0ED106BF-1FAE-11E9-90E2-005056A27BA9;912;1 142;1 437;1 491;1 122;1 105;1 106;1 112;1 113;1 365;1 473;1 801
ACFB967D-1ACE-4E21-B11A-E221AAC1B189;489;828;723;1 305;1 158;1 661;1 504;1 542;1 281;1 275;1 424;1 357
FAADF652-AEF3-4B2C-940C-7610941A4406;932;1 027;1 212;1 327;1 060;919;697;832;976;1 469;1 330;1 771
25397CD5-1B92-11E7-8B42-005056A225F3;846;985;1 122;1 326;1 110;1 083;1 150;1 139;1 355;1 038;963;1 127
00000000-0000-0000-0000-000000000000;646;676;728;642;708;584;1 475;1 582;1 468;1 517;1 348;1 845
05A860DD-271D-4A5F-997F-5073CA9E6F15;27;328;998;1 187;914;892;1 283;1 435;1 055;1 411;1 344;1 384
DF367399-1416-11E9-90E2-005056A27BA9;937;870;1 016;959;839;1 055;1 058;1 126;976;1 102;848;1 143
AC52DD7C-19D7-47AD-B3BE-A9CCE5A7D568;13;85;335;470;550;1 043;890;1 168;1 448;1 486;1 485;2 336
1D1E038F-66B4-11E5-B1B7-00505602071E;667;705;707;796;766;726;800;800;1 132;1 090;1 582;1 426
F595CB31-F608-11E7-9EA6-005056A225F3;526;738;858;970;768;977;964;1 089;721;609;1 003;750
00000000-0000-0000-0000-000025017860;411;663;837;561;414;633;731;857;1 083;1 052;1 020;755
C5794FAF-9747-11E5-8E25-00505602071E;308;454;572;843;592;694;726;655;531;951;1 058;1 187
7E5A52EA-158E-11E5-9252-0050560205C4;273;301;399;488;424;602;634;852;964;809;1 057;1 226
2A00B92C-CC0B-11E5-A152-00505602071E;441;815;896;1 116;540;587;702;460;424;446;535;883
BE1F15EF-E6D9-11E6-8C73-005056A2384C;;;;;;179;126;750;984;1 487;1 813;2 407
F21F69EE-E9BE-11E5-A028-00505602071E;250;453;590;645;464;458;457;777;1 043;945;623;766
AD8C41FA-51BE-11E8-9C6C-005056A225F3;196;344;401;738;752;836;1 010;917;740;621;511;339
BB08FD98-DF20-4F76-B0C1-8EF092E41667;100;149;227;478;888;830;959;854;604;620;535;935
FB9DBFAC-004B-11E5-BADB-0050560205C4;627;696;753;751;583;477;438;575;500;512;511;696
319450D6-6379-47C6-8B6E-05CABA1FC4E9;346;463;519;641;394;490;610;573;600;654;714;803
4BE2138A-31DA-11E4-9F3E-005056020188;262;471;798;969;642;588;519;414;399;517;573;538
777AA5D3-6137-47B3-A263-CF711592578D;310;463;721;549;433;571;610;604;641;548;516;626
6C807648-F5C4-4299-924B-0549814AAFAC;309;336;492;628;567;586;498;612;538;622;600;766
9346D3B8-4A0D-4A45-8CF5-61E14635CDF1;532;662;722;612;625;532;443;360;369;472;416;465
00000000-0000-0000-0000-050113945920;274;283;308;320;435;548;521;598;704;735;689;727
00000000-0000-0000-0000-000152629305;374;345;463;396;299;382;475;474;714;712;553;866
231CE563-1E59-11E5-B547-00505602071E;399;465;538;455;379;437;533;514;499;597;574;632
31793C14-E298-11E4-A937-005056020188;402;509;667;624;495;367;331;358;358;423;468;518
568F5EAF-EA08-11E6-8C73-005056A2384C;;;;;;;285;212;96;647;2 439;1 770
00000000-0000-0000-0000-000036249788;244;392;350;452;356;389;452;574;455;491;473;633
00000000-0000-0000-0000-000189235463;271;471;417;402;452;392;293;354;347;433;528;701
7D458CE2-E983-40F8-BAC9-6B9F1B654710;;33;95;208;202;298;420;711;723;705;730;817
00000000-0000-0000-0000-050344456252;234;276;364;513;389;419;342;508;429;368;399;360
2116966D-EB37-4272-B67E-A031919EDD25;376;238;103;26;231;574;754;1 051;604;377;79;82
8FE00DFB-EF57-11E6-898D-005056A2384C;354;533;595;425;297;279;263;256;227;412;358;381
6251EC37-C969-11E5-A152-00505602071E;36;71;232;648;302;592;354;397;415;314;279;562
6F5A56D1-DB3B-42CE-971E-442F8E2B58F9;137;247;316;294;285;329;381;404;494;426;370;460
6FB80DC6-0BC8-4F06-86DF-D69493A4B880;344;481;503;406;301;272;222;226;286;241;376;438
8846099F-30A3-11E7-8B42-005056A225F3;276;375;288;415;354;382;347;453;404;285;275;209
Офисные товары;;;;;;;;;;;;
00000000-0000-0000-0000-050810068924;2 145;2 849;5 299;7 620;9 148;11 724;12 855;12 488;11 804;13 359;15 530;18 753
45426A54-67A1-4F3A-9C46-B74F3ACC9B40;3 863;3 082;3 999;4 383;5 146;5 745;5 837;6 528;6 019;6 243;4 253;5 009
96597DFB-6816-11E5-B1B7-00505602071E;2 555;3 218;4 286;3 141;3 402;3 729;3 657;3 688;3 741;3 785;5 015;5 110
454FB042-B6D5-4944-B7BF-4E9CDFF1DBD6;2;62;506;861;686;1 174;3 637;5 785;5 590;5 321;6 224;8 751
D0772A46-F647-11E5-BC8E-00505602071E;153;210;409;64;1 302;15 931;12 375;1 048;696;178;166;67
00000000-0000-0000-0000-000000000000;1 232;1 036;1 070;1 485;1 340;1 423;2 014;2 347;3 296;2 838;3 032;4 798
25397CD5-1B92-11E7-8B42-005056A225F3;1 494;1 751;2 620;3 098;1 867;1 967;1 801;2 180;1 872;2 175;2 145;2 612
2F220476-7966-11E5-B1B7-00505602071E;1 102;2 314;2 757;2 026;1 369;1 622;1 651;1 674;1 954;2 395;2 618;3 182
00000000-0000-0000-0000-050985009373;1 893;1 759;2 275;1 852;1 401;1 496;1 227;1 494;1 818;2 041;2 170;2 258
FE0BC480-EBD8-4DB3-9FFC-46D516D8B817;108;276;422;842;545;1 111;1 277;3 169;2 555;2 482;2 655;3 944
7D8F65EE-FE4F-11E6-9DAF-005056A2384C;856;1 065;1 535;1 424;1 771;1 967;1 844;1 841;1 864;1 567;1 829;1 750
345E1E1B-05B6-4C1D-817F-34D8E225E333;1 468;688;1 142;1 861;1 655;1 513;2 098;1 958;2 035;1 206;1 586;973
9B71E86E-D5CA-11E8-9731-005056A27BA9;255;912;1 653;1 543;1 548;1 884;2 132;1 303;1 523;1 213;1 505;982
63F86741-E3E9-4A95-9BBF-83D658274936;449;849;1 264;1 135;913;1 011;1 119;912;1 148;1 077;887;1 047
38B6AF68-B4D0-11E7-9B6C-005056A225F3;427;555;727;787;793;932;885;1 003;1 094;790;1 281;890
8D61FFA6-332E-11E4-9F3E-005056020188;668;837;899;751;710;692;707;1 326;764;892;831;1 052
BACD5FD9-C63E-4A53-A8AE-A38079FF03F7;;;446;1 294;888;766;752;1 345;1 299;879;1 298;975
64F6AB2D-72DB-4339-8D1D-BFE759AF8571;323;684;546;1 044;861;1 042;1 068;980;513;931;901;724
E9EAD8D7-5C64-11E5-A8FB-00505602071E;441;472;578;841;494;676;911;943;1 082;936;945;910
00000000-0000-0000-0000-051610745179;;;;;;7;54;1 154;1 041;887;1 441;2 259
64EC49C7-A534-4497-ABE3-6EA93C08BFF1;322;597;783;710;509;478;555;405;749;490;520;656
4E4B914B-FD5A-11E5-A2CC-005056A2384C;320;373;355;352;393;441;546;624;691;614;707;927
00000000-0000-0000-0000-000000427101;407;469;427;464;504;746;550;429;369;374;674;739
9C09437B-FD32-4A87-901B-6F28C3451B25;81;62;775;1 049;550;942;414;309;452;705;596;188
81ABCFE2-F929-4943-A866-87A35A91C5CC;355;515;386;535;511;574;414;531;702;450;641;426
A0C7D5A9-E615-11E7-9EA6-005056A225F3;753;498;389;441;271;294;430;302;271;401;503;870
00000000-0000-0000-0000-050576355004;366;368;370;204;256;465;449;412;375;455;569;842
205B5526-87EF-498B-8B8A-75B77B1242A2;271;390;374;335;303;322;255;329;412;566;608;789
F4FB7468-C407-11E5-A152-00505602071E;296;364;411;425;336;305;358;388;363;408;527;619
A4EF3FD1-0BA3-44D6-B921-961FCEA68CBB;332;439;729;484;418;378;318;362;164;257;411;497
E4B79A44-D738-11E6-8C73-005056A2384C;323;330;311;309;335;366;210;357;320;695;437;458
31793C14-E298-11E4-A937-005056020188;316;613;534;425;255;450;209;224;272;228;397;516
4D7A7C82-426A-4A4F-8812-FEF2FDF0A605;225;378;439;402;345;401;310;416;318;312;322;327
09873A48-422F-4F3D-8D7F-DF3C2A5CEE2A;227;44;210;75;71;91;124;362;743;311;678;871
3E4F8153-92E8-447B-AECD-E96516D9F8FE;335;409;298;290;288;385;281;286;380;185;163;175
3159778C-5C38-11E9-8BF5-C69417C43C93;36;81;134;171;126;199;410;347;381;383;532;667
3EDB2AE2-B014-11E7-9B6C-005056A225F3;;1;133;348;357;177;405;409;521;511;250;236
00000000-0000-0000-0000-050252709207;235;310;285;197;183;243;187;261;402;333;337;325
C2A7B77A-68B9-4637-8F69-1CF5BEE37453;131;189;356;534;235;317;214;355;254;132;168;216
0D9B637D-FCA4-11E5-A2CC-005056A2384C;124;176;322;196;255;79;321;475;199;135;229;509
896568B2-2555-4FC1-8F33-F6665BC9E01B;;;;61;15;6;97;286;348;843;530;629
6693F1CB-4DCE-4228-AAAE-7D0A8DA54505;;;;;;151;700;426;265;578;358;314
B4A1F4D3-EC8C-11E3-AD36-005056020025;;;;;18;186;186;960;520;266;299;285
92C2B232-0CDF-472E-AAA0-18A49F1E6C7D;44;64;82;182;189;252;292;346;295;394;264;298
5838F9BA-5737-43C7-9495-C8027CB2B8E0;110;124;183;152;93;129;252;295;278;270;408;399
EF552118-E6DA-41DF-94FA-C290A0539850;100;100;67;110;174;115;88;384;382;294;239;569
AC4BD855-2AE0-11E9-99D9-C69417C43C93;155;211;264;292;148;125;79;192;192;351;317;286
00000000-0000-0000-0000-051383710835;61;98;87;119;387;249;232;406;250;176;149;385
68A45360-2413-11E7-8B42-005056A225F3;;;;2;;;1;372;213;550;479;738
4FD59363-AA9D-11E7-9B6C-005056A225F3;113;84;111;742;111;73;113;241;145;96;231;244
Строительное оборудование;;;;;;;;;;;;
45426A54-67A1-4F3A-9C46-B74F3ACC9B40;3 004;4 331;6 435;12 151;7 708;8 832;8 673;5 821;6 734;7 345;5 037;5 519
96597DFB-6816-11E5-B1B7-00505602071E;2 014;2 352;3 541;5 458;4 198;6 454;4 314;5 214;4 820;4 962;4 954;5 250
97B1BDCD-88F9-11E8-A7D5-005056A225F3;2 609;4 057;4 879;4 815;3 473;3 239;3 976;5 323;3 928;4 462;5 895;6 677
560D3261-A0F1-11E6-B059-005056A2384C;2 205;3 781;4 860;4 788;4 645;5 581;6 451;5 410;5 520;4 710;2 380;2 197
06B7B5C1-A81D-11E7-9B6C-005056A225F3;1 520;2 578;3 003;4 148;2 633;4 128;4 232;3 986;4 360;3 839;3 229;3 481
AD8C41FA-51BE-11E8-9C6C-005056A225F3;1 446;1 860;2 145;2 668;3 121;3 573;3 749;3 958;3 308;3 107;2 692;2 216
25397CD5-1B92-11E7-8B42-005056A225F3;527;1 570;1 352;2 102;1 620;2 895;2 468;2 710;2 799;4 180;3 603;7 440
1144E54C-9542-4865-AC5B-36D32F6A6E97;470;408;734;290;390;480;466;453;1 115;713;11 487;5 853
64F6AB2D-72DB-4339-8D1D-BFE759AF8571;356;105;152;303;386;12 724;625;1 439;1 296;992;484;828
E7430B0D-7932-11E8-A7D5-005056A225F3;1 383;1 711;1 429;2 288;1 817;1 381;1 543;1 544;2 202;1 667;1 813;812
81621037-4875-496A-992F-283C6CA6535F;4;;51;295;290;12 707;271;561;282;306;479;757
31793C14-E298-11E4-A937-005056020188;757;937;1 131;1 948;1 143;1 314;871;1 181;1 082;1 482;1 248;1 901
B7666CD3-1A43-11E9-90E2-005056A27BA9;620;929;1 066;1 101;1 105;1 444;1 265;1 378;1 208;1 259;1 106;1 287
2B8B9DC3-211E-11E8-9C6C-005056A225F3;422;945;1 212;1 999;765;1 371;1 258;1 275;1 232;814;653;723
81ABCFE2-F929-4943-A866-87A35A91C5CC;513;456;702;1 004;873;1 128;1 004;897;1 872;1 244;1 811;706
C95FC645-C2CB-4147-9DBC-D7621D253DE8;375;543;813;1 030;952;728;756;837;1 077;1 209;1 236;896
6E31BD96-A121-11E8-86AD-005056A225F3;154;367;656;561;715;1 133;1 159;1 175;1 461;1 215;990;786
0CC250E4-6C15-4A99-9FF0-E7564D8A6341;780;740;335;917;879;773;1 049;933;1 065;878;688;612
B83D6795-16D7-4EFB-804F-10C0EC0AE3BF;1;42;104;124;130;72;298;612;1 642;1 648;1 730;2 020
13705DD9-DBF9-4806-AC91-5DAAAB727860;238;518;760;681;438;715;746;777;436;561;513;534
00000000-0000-0000-0000-000152629305;121;211;389;530;615;721;700;828;699;605;530;694
D3EF18B5-264F-4D6E-9803-DC12B4F92803;214;296;399;515;518;762;761;771;778;638;388;270
1C17CC9F-FB88-11E7-9EA6-005056A225F3;73;186;403;576;652;838;760;699;510;482;450;322
4FD59363-AA9D-11E7-9B6C-005056A225F3;125;267;369;705;431;308;453;226;338;675;712;461
00000000-0000-0000-0000-050810068924;27;29;251;845;555;365;309;638;605;349;452;551
E9EAD8D7-5C64-11E5-A8FB-00505602071E;10;62;181;95;1 670;148;257;401;478;358;825;481
F21F69EE-E9BE-11E5-A028-00505602071E;38;67;199;572;728;800;511;566;590;448;286;121
1F1C670F-636A-11E5-B1B7-00505602071E;193;257;333;371;339;356;432;536;505;606;472;482
64EC49C7-A534-4497-ABE3-6EA93C08BFF1;56;95;340;102;237;191;322;365;2 033;452;318;249
907E2CC7-3A56-4832-88DB-04CF0F3F5A49;114;134;257;352;395;746;514;672;409;514;312;340
3E3F39F0-D8FE-4074-B262-AACCCDB848EC;84;246;172;170;192;83;244;284;606;453;1 468;683
00000000-0000-0000-0000-000147955891;160;248;369;569;380;446;495;363;302;259;362;376
04FA03BA-C37E-43A8-BFAE-BA9D452E4DB3;388;288;480;521;406;441;377;233;349;166;218;271
180E5CC1-9D7C-11E5-8E25-00505602071E;246;345;402;249;246;273;314;357;241;534;360;343
830B626F-E804-494C-9885-7C57809C6820;;;;;;270;518;562;449;501;649;831
9A23B52A-207F-11E9-90E2-005056A27BA9;115;107;153;105;143;183;214;317;367;550;612;808
8D61FFA6-332E-11E4-9F3E-005056020188;161;387;288;255;78;632;563;614;134;134;206;68
1390AE02-F6D0-4CD8-B00D-C4F04AA11999;182;226;229;419;221;391;493;346;359;294;189;152
31FC62B5-2F41-11E7-8B42-005056A225F3;73;242;399;346;292;515;463;345;216;212;168;134
636C05AA-96E6-477B-8EC3-16756DBA4953;;;73;237;166;296;314;251;552;363;260;767
4A02510A-3DD9-4238-9D66-96606BAC8F5F;;;124;139;149;154;96;173;388;601;615;766
FE0BC480-EBD8-4DB3-9FFC-46D516D8B817;37;51;37;79;175;177;184;369;412;572;363;607
EC40DF04-39FC-11E7-BBB2-005056A225F3;81;170;209;224;314;282;237;196;257;368;312;364
D5802A79-B6ED-11E6-8C73-005056A2384C;62;45;98;111;176;266;337;457;395;513;165;224
1D1E038F-66B4-11E5-B1B7-00505602071E;3;34;48;147;248;245;412;399;430;370;211;193
0AEC4ACE-CD2D-4AA6-B5F3-75955DB1536C;79;103;126;106;47;89;172;229;229;346;441;712
00000000-0000-0000-0000-000023240902;23;80;107;215;269;332;297;289;259;262;167;155
9413AA7E-C981-11E5-A152-00505602071E;114;137;198;163;135;210;173;236;247;203;236;317
00000000-0000-0000-0000-000000000000;251;243;544;350;196;220;132;56;32;35;83;65
DB72FAFD-E46E-11E6-8C73-005056A2384C;128;187;257;231;228;205;242;141;164;173;90;116
Климатическое оборудование;;;;;;;;;;;;
25A17C96-6596-11E8-9A60-005056A225F3;6 131;8 083;7 918;7 934;7 254;10 051;12 567;14 803;13 098;11 189;13 520;13 101
00000000-0000-0000-0000-000148493337;9 480;7 428;5 246;4 140;3 899;3 291;5 504;4 239;14 140;11 860;12 007;15 620
A14B64FB-0AF0-11E7-9846-005056A2384C;2 075;3 118;4 147;4 367;3 841;4 501;4 599;4 607;4 301;4 947;6 218;6 841
1D1E038F-66B4-11E5-B1B7-00505602071E;2 553;1 910;712;645;382;227;258;891;7 008;4 687;5 657;7 765
346DADA4-0F9E-4264-A5D6-5CA3BB66BDE2;2 790;2 234;1 602;1 138;959;842;1 365;1 478;2 970;2 039;2 118;2 833
3159778C-5C38-11E9-8BF5-C69417C43C93;1 780;1 682;1 211;1 759;682;844;1 335;1 641;3 034;1 550;1 957;2 037
83E5C7E9-4731-48F3-9960-950187644C20;125;116;147;143;688;1 176;1 629;3 105;2 997;2 463;2 910;3 125
00000000-0000-0000-0000-000022076216;791;1 056;1 212;1 502;1 282;1 472;1 536;1 806;1 481;1 534;1 559;1 829
46696007-5B5E-11E9-8BF5-C69417C43C93;504;260;53;58;17;22;25;30;458;1 247;2 991;4 887
1BE6B413-78F7-11E6-B059-005056A2384C;671;553;435;345;298;381;806;413;820;994;1 516;1 406
0ED106BF-1FAE-11E9-90E2-005056A27BA9;777;879;339;175;88;88;104;336;1 399;1 227;926;2 052
63F86741-E3E9-4A95-9BBF-83D658274936;81;120;175;334;424;1 225;3 097;171;69;114;133;311
3D8A852A-4514-41C2-B8E3-81378EDF7137;603;728;542;205;141;111;103;104;766;941;692;1 115
00000000-0000-0000-0000-050891179699;250;269;281;276;277;459;435;316;489;771;927;1 249
CFED82F1-92D3-11E7-B91E-005056A225F3;440;362;302;350;226;152;93;251;740;558;506;652
96597DFB-6816-11E5-B1B7-00505602071E;510;653;234;275;102;128;114;139;308;401;722;774
84D647CB-54FC-11E8-9C6C-005056A225F3;213;247;225;235;279;276;301;512;277;335;364;304
AD2D1D82-E9DD-11E5-A028-00505602071E;245;210;172;151;202;159;152;230;681;549;443;338
1225E1DA-1CF7-11E6-9D6C-005056A2384C;25;41;75;19;24;46;22;101;687;718;562;980
CE4DD83F-0B09-11E7-9846-005056A2384C;71;134;279;197;207;254;349;449;253;283;288;352
A64E4763-918F-4072-BC5B-20D263B0BA7B;;;;;;15;256;267;364;997;725;212
35FC0298-92D5-11E7-B91E-005056A225F3;241;251;198;147;106;217;226;165;459;155;197;251
37036AC9-78DA-11E7-B91E-005056A225F3;549;335;123;62;34;26;32;55;383;261;251;461
73544AD7-FD15-11E7-9EA6-005056A225F3;436;332;139;59;51;90;72;84;157;168;323;660
4B0DCC2D-679A-11E7-93EC-005056A225F3;217;373;279;175;75;65;52;77;91;160;486;443
8DC2CAF1-957B-11E8-A7D5-005056A225F3;208;307;188;98;107;218;213;255;122;92;67;551
E3646BFB-39D7-11E6-B059-005056A2384C;46;87;126;124;169;464;509;198;137;200;127;192
8442A227-4065-4678-A6DF-AE38947186DB;140;155;208;164;61;95;118;97;255;206;293;395
00000000-0000-0000-0000-000149797607;21;56;113;193;129;155;187;199;243;215;282;285
47B53E08-806C-49F2-88B4-51D1D32E4C96;;;;20;13;497;1 339;87;34;13;17;26
9C4F5928-7184-455D-A853-36271E71A5FF;206;157;132;125;82;48;39;91;210;259;294;304
09355E5C-ED7C-42B6-90BE-F756BFCD8A06;31;40;77;87;109;149;192;324;198;234;258;243
46D74DD0-E00C-4CFF-B8DC-369BA0C9EAFE;151;140;133;71;125;403;307;69;75;91;141;225
E051CC6B-A322-4083-8E22-EB2AF44D6603;111;205;205;171;170;174;173;151;125;100;118;192
9022E6BB-D68D-11E8-9731-005056A27BA9;47;141;186;149;113;129;175;215;210;164;161;183
4DAC6053-C1B0-49D7-9A8A-57EC1426F04E;147;150;196;75;53;67;38;50;101;166;234;394
1566670A-493D-11E9-99D9-C69417C43C93;13;4;12;8;7;204;125;236;431;174;117;252
00000000-0000-0000-0000-050983411643;181;282;163;58;63;151;536;49;27;24;7;13
8EE6CE2C-A887-11E4-9D36-005056020188;;;;;;;;;10;142;258;1 085
00000000-0000-0000-0000-050775375044;91;175;127;91;100;99;133;87;49;93;129;192
428EE070-956C-4F85-ADF2-6AA0F73056A8;34;14;29;26;9;23;62;128;174;279;275;264
45426A54-67A1-4F3A-9C46-B74F3ACC9B40;158;123;73;33;23;22;28;66;313;97;161;217
00000000-0000-0000-0000-050576355004;148;181;84;62;33;21;15;39;155;220;182;165
68DE68F7-0895-11E6-BF29-005056A2384C;100;84;96;55;62;52;47;51;162;188;139;205
64EC49C7-A534-4497-ABE3-6EA93C08BFF1;16;14;22;38;183;249;298;15;19;49;78;250
DC9E0952-845D-11E5-B1B7-00505602071E;69;117;80;121;125;126;181;122;53;57;55;113
00000000-0000-0000-0000-050826878062;149;82;53;29;11;12;25;13;25;65;176;490
4CEFE81A-4F4C-4A3C-865E-032BD550CA5C;2;53;55;86;64;48;61;77;103;134;177;125
AD6B63C9-9098-482C-8C8C-41227ABBC196;69;56;58;76;68;84;75;22;21;95;174;181
B866C0B4-0C4B-4F6D-9C25-99635EFB0E19;;;;;;15;80;114;212;267;149;116
Товары для отдыха;;;;;;;;;;;;
A0C7D5A9-E615-11E7-9EA6-005056A225F3;1 538;1 744;1 796;2 960;4 196;4 479;6 258;6 625;3 338;2 118;3 318;3 371
D34AA084-5B0F-4C0C-BBE2-5C91C4C309AD;1 061;1 625;2 546;2 217;2 054;3 998;2 819;2 593;2 381;3 019;3 270;3 728
D3BDFF3A-A867-4CDC-8448-C9566C4FBF94;244;785;1 272;2 480;4 150;4 608;4 527;2 899;2 169;2 338;2 398;2 707
64F6AB2D-72DB-4339-8D1D-BFE759AF8571;1 078;1 550;1 497;1 636;1 925;2 158;2 894;2 656;2 636;3 008;4 220;4 506
B866C0B4-0C4B-4F6D-9C25-99635EFB0E19;36;61;1 041;1 213;1 520;1 512;1 977;3 087;2 790;3 018;3 450;3 090
F5D4A161-2BF4-11E7-8B42-005056A225F3;966;1 302;1 075;863;814;1 363;2 045;1 794;2 296;2 067;2 818;2 174
00000000-0000-0000-0000-000000000000;1 500;1 632;1 914;2 465;2 429;1 862;1 525;1 009;772;830;752;999
EBF43672-C554-11E7-BC22-005056A225F3;211;269;1 334;1 884;2 726;3 538;3 124;1 966;826;507;372;588
00000000-0000-0000-0000-050579266996;200;505;1 060;1 532;2 349;2 842;2 800;2 252;812;705;554;1 038
FE0BC480-EBD8-4DB3-9FFC-46D516D8B817;9;265;309;598;835;1 540;1 867;1 672;1 277;1 562;1 417;3 237
96597DFB-6816-11E5-B1B7-00505602071E;615;700;812;1 459;1 033;1 116;1 069;1 308;1 256;1 289;1 474;1 666
7002A7B3-49E6-4006-B856-A93AB64E04A5;485;838;918;1 628;1 271;1 068;1 354;1 046;654;602;1 997;967
45426A54-67A1-4F3A-9C46-B74F3ACC9B40;639;1 038;974;1 064;906;1 113;1 512;1 422;868;633;1 062;674
8D61FFA6-332E-11E4-9F3E-005056020188;423;742;1 014;1 268;1 034;1 069;1 019;1 029;1 207;857;821;830
64EC49C7-A534-4497-ABE3-6EA93C08BFF1;478;441;474;690;779;792;1 100;751;420;493;1 004;3 404
00000000-0000-0000-0000-050339627393;46;109;321;475;534;375;791;1 976;1 104;1 133;1 302;2 211
4FD59363-AA9D-11E7-9B6C-005056A225F3;201;246;226;252;339;599;1 969;2 466;1 554;870;800;596
2793F1E5-8423-11E7-B91E-005056A225F3;557;764;901;674;668;1 172;794;850;844;763;681;1 347
ED943876-3103-4965-8398-6CDA79F3683F;445;697;766;743;663;547;693;840;1 060;959;1 075;1 050
12E8F03B-8BFF-11E8-A7D5-005056A225F3;347;447;755;479;633;808;805;714;1 133;918;766;768
B0335492-75A6-448C-90B1-A04552C2409E;294;399;680;1 176;1 012;1 238;810;584;454;512;510;481
B94C8823-DCFC-11E8-9731-005056A27BA9;344;424;542;782;560;821;942;936;578;600;457;694
1C9D5C43-0553-405A-B1AE-206C03F749FB;491;411;343;489;560;504;442;449;643;652;774;775
4C9901E0-1D89-4D39-A317-EB440AAA0B0A;218;221;176;455;174;374;558;1 106;738;734;856;916
31793C14-E298-11E4-A937-005056020188;298;429;577;512;654;577;728;398;434;545;678;660
00000000-0000-0000-0000-050810068924;142;202;249;616;629;591;596;620;551;500;895;762
1503DF22-3A98-11E9-99D9-C69417C43C93;65;569;356;312;421;611;206;882;1 012;550;636;733
4F65B5D0-6B93-11E7-93EC-005056A225F3;299;461;569;639;424;626;667;567;545;413;390;614
6E0D8A67-4C21-11E7-93EC-005056A225F3;323;421;433;390;337;427;502;602;487;578;662;784
81ABCFE2-F929-4943-A866-87A35A91C5CC;423;396;434;975;317;439;502;448;449;576;577;387
6EBFCE74-2924-11E9-99D9-C69417C43C93;410;459;541;373;489;560;337;573;474;589;511;484
ED19EB46-CFA4-42E1-BBA6-10D2E03C41CE;51;79;147;344;362;374;457;663;461;1 238;691;849
6C9DF247-E57E-49BC-AA21-8F8D00ADAF96;292;272;89;440;227;327;909;404;312;497;602;793
68A45360-2413-11E7-8B42-005056A225F3;98;75;113;187;210;118;189;954;372;363;1 157;1 109
F9218D14-BD6B-11E8-8635-005056A225F3;413;1 106;287;255;248;272;313;305;180;193;105;868
09873A48-422F-4F3D-8D7F-DF3C2A5CEE2A;141;97;167;210;233;275;292;508;400;433;558;1 098
E3646BFB-39D7-11E6-B059-005056A2384C;230;356;244;277;336;266;525;513;311;476;299;514
25B69C63-A999-4959-9229-C752A4F1BE0D;114;267;439;551;407;280;438;455;400;313;287;389
5307DF3F-899C-11E7-B91E-005056A225F3;261;122;199;281;240;527;684;736;432;240;189;375
7E5A52EA-158E-11E5-9252-0050560205C4;89;159;169;116;161;317;337;380;503;402;448;816
AA2B85EF-6B0F-4537-8301-B4A397FE28EA;154;238;176;204;177;309;307;320;254;258;417;886
87CFF456-53CA-11E6-B059-005056A2384C;;;;324;698;929;553;446;208;212;182;125
FF97FB0B-38E7-11E8-9C6C-005056A225F3;131;228;324;396;321;321;420;240;250;342;332;277
00000000-0000-0000-0000-050374890488;11;135;108;371;841;844;374;260;188;145;102;143
00000000-0000-0000-0000-050302190283;203;353;325;221;219;199;179;303;283;356;295;368
6D37BE14-E55E-493B-A4FC-8803E0FF12C9;100;106;109;99;247;193;164;264;336;631;521;404
551E67A3-36B2-44E6-A3F9-93C356F35A59;256;343;328;372;181;230;191;178;147;177;576;59
5B71D937-D050-4ECE-A6EB-CDE354896614;39;115;417;269;276;238;240;361;204;196;194;374
2EEB28A0-AA9B-42C2-9C2E-5DB7D46CB084;39;47;155;340;434;503;471;371;215;106;114;96
A4EF3FD1-0BA3-44D6-B921-961FCEA68CBB;172;326;392;330;257;194;202;178;156;145;167;251
BLANK;;;;;;;;;;;;
00000000-0000-0000-0000-000000000000;6 753;7 579;3 154;3 797;8 644;4 647;2 718;19 978;7 703;28 730;17 958;49 469
00000000-0000-0000-0000-000025017860;4 014;5 931;7 409;6 461;5 801;6 590;7 077;7 095;9 419;8 290;8 023;9 020
FAADF652-AEF3-4B2C-940C-7610941A4406;427;422;668;276;299;282;245;224;184;878;439;301
00000000-0000-0000-0000-000000676452;128;279;313;706;412;173;226;441;260;317;542;791
96597DFB-6816-11E5-B1B7-00505602071E;106;411;379;329;579;257;226;260;355;327;239;183
FB9DBFAC-004B-11E5-BADB-0050560205C4;197;327;275;307;330;242;220;381;341;222;270;298
00000000-0000-0000-0000-050045798313;47;252;606;423;334;369;191;252;295;250;268;116
00000000-0000-0000-0000-051641750683;;;;;;;;26;119;254;2 217;571
BB5F9A22-2472-11E5-9837-00505602071E;72;125;198;162;194;122;230;298;316;202;224;210
14899D0F-FBA9-4647-862C-6FF05E46C6B7;41;116;75;144;70;123;181;237;278;322;326;272
E9EAD8D7-5C64-11E5-A8FB-00505602071E;151;140;149;177;214;131;183;195;180;164;107;119
684C99A2-0821-11E8-A79F-005056A225F3;83;176;190;167;147;157;177;174;200;144;133;153
58559F81-ADB0-4B6F-963F-530D4B932F57;33;79;98;160;190;130;153;167;272;209;237;141
7E5A52EA-158E-11E5-9252-0050560205C4;36;28;52;16;18;84;303;768;189;11;8;8
25397CD5-1B92-11E7-8B42-005056A225F3;55;18;46;59;64;171;224;171;58;35;70;114
51B23434-0812-4F09-B204-75C4BFCA998C;20;21;62;48;56;112;91;92;86;72;61;66
92F71D4F-5F63-4E82-85CD-FEF683E2D45B;;;;;;;;;;;;673
00000000-0000-0000-0000-000036249788;31;55;59;46;34;53;49;75;81;32;59;49
64EC49C7-A534-4497-ABE3-6EA93C08BFF1;18;28;43;15;14;198;39;58;16;10;25;5
0ED106BF-1FAE-11E9-90E2-005056A27BA9;27;24;31;50;35;39;45;38;55;23;14;12
00000000-0000-0000-0000-051373760501;8;93;38;14;57;12;29;43;32;15;15;21
64F6AB2D-72DB-4339-8D1D-BFE759AF8571;;;5;6;6;212;2;18;1;19;71;17
1831022B-59CD-419C-A223-A63CB22CB3E5;;;;;;;;;;;;317
AC25FC78-1DB7-4732-B431-64D380BD2AA8;9;13;8;3;14;4;43;93;25;57;28;20
7F459571-9B09-11E8-A7D5-005056A225F3;4;20;13;45;29;26;30;47;21;17;19;12
31793C14-E298-11E4-A937-005056020188;20;23;57;54;6;6;12;4;44;6;3;12
4FD59363-AA9D-11E7-9B6C-005056A225F3;1;3;18;22;57;7;16;4;11;36;3;
00000000-0000-0000-0000-000154757344;11;16;27;21;18;20;4;4;11;9;20;16
C29171AE-C6D5-11E8-8635-005056A225F3;;;;;4;10;13;19;18;22;35;54
51FE4390-0110-11E8-A79F-005056A225F3;7;6;15;13;14;10;12;10;32;14;13;23
C1A04AAD-148E-403A-888C-BE350B097509;1;11;17;26;25;16;13;13;12;26;3;3
EB3D2BD8-6A52-4311-AE99-DAB85F778D21;1;2;15;13;13;11;14;14;23;11;18;22
00000000-0000-0000-0000-050339627393;1;;4;6;9;9;24;42;15;10;20;16
A0C7D5A9-E615-11E7-9EA6-005056A225F3;31;33;45;11;18;11;1;;1;;;1
13B716B1-789E-11E5-B1B7-00505602071E;6;9;18;17;7;12;41;14;16;3;6;2
E0E1396F-A48D-4A20-ABE5-263AEF396783;;;4;9;5;11;25;13;11;19;16;29
629C7949-BBFF-11E8-8635-005056A225F3;;1;1;12;11;31;17;25;14;11;4;
00000000-0000-0000-0000-000316264460;3;16;8;6;16;5;12;7;10;6;7;17
B5F6F317-CE8A-11E7-861D-005056A225F3;1;4;7;17;10;16;7;12;13;6;6;4
C5E56044-0974-47D2-81BF-8DACCFE50AA6;16;4;6;5;15;4;;8;6;6;21;7
16E87AC4-EB03-11E7-9EA6-005056A225F3;4;2;10;6;3;4;8;6;2;6;36;9
00000000-0000-0000-0000-000152629305;4;6;6;18;4;1;3;7;18;8;7;5
00000000-0000-0000-0000-050374890488;3;1;;12;17;10;21;9;;3;1;
00000000-0000-0000-0000-050689834436;;;3;3;3;5;5;9;4;11;17;16
25B69C63-A999-4959-9229-C752A4F1BE0D;1;6;22;20;21;4;;;;;;
00000000-0000-0000-0000-050810068924;4;3;10;10;18;6;7;4;;1;6;
F8EB29DF-1C0A-11E6-9D6C-005056A2384C;5;1;11;8;4;6;1;7;5;11;8;1
BA54B6AF-4EDA-11E9-99D9-C69417C43C93;1;1;;7;4;9;8;14;7;5;5;4
68610B75-4C51-11E7-93EC-005056A225F3;2;5;33;;4;5;1;11;1;;1;1
9A23B52A-207F-11E9-90E2-005056A27BA9;2;9;4;6;9;5;6;2;4;;7;8
